,timestamp,buyer,seller,symbol,currency,price,quantity
23,1500,Caesar,Paris,MAGNIFICENT_MACARONS,SEASHELLS,660.0,5
31,2400,Paris,Charlie,MAGNIFICENT_MACARONS,SEASHELLS,684.0,4
118,8000,Camilla,Camilla,MAGNIFICENT_MACARONS,SEASHELLS,667.0,2
120,8600,Paris,Charlie,MAGNIFICENT_MACARONS,SEASHELLS,658.0,6
132,9400,Caesar,Paris,MAGNIFICENT_MACARONS,SEASHELLS,652.0,5
167,12100,Paris,Paris,MAGNIFICENT_MACARONS,SEASHELLS,630.0,5
223,15200,Paris,Charlie,MAGNIFICENT_MACARONS,SEASHELLS,645.0,6
241,16500,Paris,Charlie,MAGNIFICENT_MACARONS,SEASHELLS,663.0,6
255,17900,Paris,Charlie,MAGNIFICENT_MACARONS,SEASHELLS,665.0,5
309,20500,Camilla,Camilla,MAGNIFICENT_MACARONS,SEASHELLS,649.0,2
347,22400,Paris,Charlie,MAGNIFICENT_MACARONS,SEASHELLS,651.0,5
398,25700,Caesar,Paris,MAGNIFICENT_MACARONS,SEASHELLS,652.0,5
450,29100,Camilla,Camilla,MAGNIFICENT_MACARONS,SEASHELLS,675.0,3
560,35400,Caesar,Paris,MAGNIFICENT_MACARONS,SEASHELLS,639.0,7
659,42900,Paris,Charlie,MAGNIFICENT_MACARONS,SEASHELLS,630.0,5
716,46600,Camilla,Camilla,MAGNIFICENT_MACARONS,SEASHELLS,603.0,3
740,48200,Paris,Charlie,MAGNIFICENT_MACARONS,SEASHELLS,615.0,4
807,50700,Paris,Charlie,MAGNIFICENT_MACARONS,SEASHELLS,605.0,7
827,52000,Caesar,Paris,MAGNIFICENT_MACARONS,SEASHELLS,587.0,4
883,55400,Camilla,Paris,MAGNIFICENT_MACARONS,SEASHELLS,567.0,3
885,55700,Caesar,Paris,MAGNIFICENT_MACARONS,SEASHELLS,562.0,5
886,55800,Camilla,Caesar,MAGNIFICENT_MACARONS,SEASHELLS,573.0,4
1004,60100,Caesar,Paris,MAGNIFICENT_MACARONS,SEASHELLS,585.0,4
1142,67800,Caesar,Paris,MAGNIFICENT_MACARONS,SEASHELLS,569.0,7
1163,69100,Caesar,Paris,MAGNIFICENT_MACARONS,SEASHELLS,586.0,7
1261,74600,Camilla,Camilla,MAGNIFICENT_MACARONS,SEASHELLS,639.0,3
1272,75200,Paris,Charlie,MAGNIFICENT_MACARONS,SEASHELLS,646.0,5
1279,75600,Caesar,Paris,MAGNIFICENT_MACARONS,SEASHELLS,641.0,5
1280,75600,Charlie,Paris,MAGNIFICENT_MACARONS,SEASHELLS,641.0,2
1283,75800,Paris,Charlie,MAGNIFICENT_MACARONS,SEASHELLS,650.0,6
1310,77200,Paris,Charlie,MAGNIFICENT_MACARONS,SEASHELLS,632.0,5
1339,79800,Paris,Charlie,MAGNIFICENT_MACARONS,SEASHELLS,638.0,6
1507,88500,Caesar,Paris,MAGNIFICENT_MACARONS,SEASHELLS,619.0,4
1573,91300,Paris,Charlie,MAGNIFICENT_MACARONS,SEASHELLS,623.0,7
1663,96600,Camilla,Camilla,MAGNIFICENT_MACARONS,SEASHELLS,596.0,3
1698,99000,Camilla,Camilla,MAGNIFICENT_MACARONS,SEASHELLS,595.0,3
1711,100000,Paris,Charlie,MAGNIFICENT_MACARONS,SEASHELLS,593.0,5
1712,100100,Paris,Charlie,MAGNIFICENT_MACARONS,SEASHELLS,596.0,7
1723,101100,Paris,Charlie,MAGNIFICENT_MACARONS,SEASHELLS,588.0,5
1765,102700,Caesar,Paris,MAGNIFICENT_MACARONS,SEASHELLS,568.0,6
1847,107200,Paris,Charlie,MAGNIFICENT_MACARONS,SEASHELLS,593.0,5
1849,107500,Caesar,Camilla,MAGNIFICENT_MACARONS,SEASHELLS,586.0,5
1866,108500,Camilla,Camilla,MAGNIFICENT_MACARONS,SEASHELLS,589.0,5
1917,111600,Caesar,Paris,MAGNIFICENT_MACARONS,SEASHELLS,571.0,5
2055,119600,Paris,Charlie,MAGNIFICENT_MACARONS,SEASHELLS,572.0,6
2133,125300,Caesar,Paris,MAGNIFICENT_MACARONS,SEASHELLS,555.0,5
2174,127800,Caesar,Paris,MAGNIFICENT_MACARONS,SEASHELLS,568.0,5
2251,131900,Paris,Charlie,MAGNIFICENT_MACARONS,SEASHELLS,577.0,4
2325,135400,Paris,Charlie,MAGNIFICENT_MACARONS,SEASHELLS,580.0,5
2333,136500,Camilla,Camilla,MAGNIFICENT_MACARONS,SEASHELLS,580.0,4
2345,136800,Caesar,Paris,MAGNIFICENT_MACARONS,SEASHELLS,578.0,7
2354,137200,Camilla,Camilla,MAGNIFICENT_MACARONS,SEASHELLS,584.0,3
2368,138100,Caesar,Paris,MAGNIFICENT_MACARONS,SEASHELLS,570.0,6
2442,142900,Paris,Charlie,MAGNIFICENT_MACARONS,SEASHELLS,593.0,7
2470,144000,Caesar,Paris,MAGNIFICENT_MACARONS,SEASHELLS,574.0,5
2721,158900,Paris,Charlie,MAGNIFICENT_MACARONS,SEASHELLS,570.0,5
2727,159400,Camilla,Caesar,MAGNIFICENT_MACARONS,SEASHELLS,570.0,2
2735,159900,Paris,Charlie,MAGNIFICENT_MACARONS,SEASHELLS,567.0,5
2803,163200,Caesar,Paris,MAGNIFICENT_MACARONS,SEASHELLS,557.0,5
2929,171800,Caesar,Paris,MAGNIFICENT_MACARONS,SEASHELLS,559.0,5
2995,173900,Caesar,Paris,MAGNIFICENT_MACARONS,SEASHELLS,539.0,5
3034,176700,Paris,Charlie,MAGNIFICENT_MACARONS,SEASHELLS,543.0,5
3093,179900,Paris,Charlie,MAGNIFICENT_MACARONS,SEASHELLS,564.0,7
3101,180300,Camilla,Camilla,MAGNIFICENT_MACARONS,SEASHELLS,559.0,4
3378,193300,Paris,Charlie,MAGNIFICENT_MACARONS,SEASHELLS,552.0,4
3482,200100,Caesar,Paris,MAGNIFICENT_MACARONS,SEASHELLS,551.0,7
3539,202400,Camilla,Camilla,MAGNIFICENT_MACARONS,SEASHELLS,553.0,4
3554,203000,Paris,Charlie,MAGNIFICENT_MACARONS,SEASHELLS,573.0,6
3629,207100,Caesar,Paris,MAGNIFICENT_MACARONS,SEASHELLS,575.0,4
3721,211400,Caesar,Paris,MAGNIFICENT_MACARONS,SEASHELLS,581.0,4
3802,214200,Camilla,Camilla,MAGNIFICENT_MACARONS,SEASHELLS,588.0,2
3828,215700,Paris,Charlie,MAGNIFICENT_MACARONS,SEASHELLS,593.0,5
3834,216400,Caesar,Paris,MAGNIFICENT_MACARONS,SEASHELLS,591.0,4
4047,226600,Paris,Charlie,MAGNIFICENT_MACARONS,SEASHELLS,582.0,5
4126,231500,Paris,Charlie,MAGNIFICENT_MACARONS,SEASHELLS,592.0,6
4158,233200,Caesar,Paris,MAGNIFICENT_MACARONS,SEASHELLS,587.0,4
4189,235100,Caesar,Paris,MAGNIFICENT_MACARONS,SEASHELLS,589.0,5
4311,240800,Paris,Charlie,MAGNIFICENT_MACARONS,SEASHELLS,640.0,4
4428,246500,Paris,Charlie,MAGNIFICENT_MACARONS,SEASHELLS,670.0,5
4516,251200,Camilla,Camilla,MAGNIFICENT_MACARONS,SEASHELLS,658.0,5
4588,254900,Camilla,Camilla,MAGNIFICENT_MACARONS,SEASHELLS,644.0,4
4622,257500,Paris,Charlie,MAGNIFICENT_MACARONS,SEASHELLS,653.0,6
4837,267300,Paris,Charlie,MAGNIFICENT_MACARONS,SEASHELLS,663.0,5
4867,268300,Camilla,Camilla,MAGNIFICENT_MACARONS,SEASHELLS,666.0,3
4871,268600,Paris,Charlie,MAGNIFICENT_MACARONS,SEASHELLS,671.0,6
4946,272900,Caesar,Paris,MAGNIFICENT_MACARONS,SEASHELLS,669.0,6
5005,275700,Paris,Charlie,MAGNIFICENT_MACARONS,SEASHELLS,679.0,6
5052,278400,Caesar,Paris,MAGNIFICENT_MACARONS,SEASHELLS,649.0,4
5109,281700,Paris,Charlie,MAGNIFICENT_MACARONS,SEASHELLS,666.0,5
5131,283100,Caesar,Paris,MAGNIFICENT_MACARONS,SEASHELLS,653.0,4
5149,284500,Paris,Charlie,MAGNIFICENT_MACARONS,SEASHELLS,653.0,5
5173,285400,Caesar,Paris,MAGNIFICENT_MACARONS,SEASHELLS,656.0,5
5281,293300,Paris,Charlie,MAGNIFICENT_MACARONS,SEASHELLS,629.0,5
5308,294400,Caesar,Paris,MAGNIFICENT_MACARONS,SEASHELLS,622.0,4
5348,296000,Caesar,Paris,MAGNIFICENT_MACARONS,SEASHELLS,622.0,4
5441,300400,Camilla,Camilla,MAGNIFICENT_MACARONS,SEASHELLS,643.0,4
5472,302100,Caesar,Paris,MAGNIFICENT_MACARONS,SEASHELLS,642.0,4
5478,302500,Paris,Charlie,MAGNIFICENT_MACARONS,SEASHELLS,653.0,7
5612,308500,Camilla,Camilla,MAGNIFICENT_MACARONS,SEASHELLS,631.0,3
5975,326800,Paris,Charlie,MAGNIFICENT_MACARONS,SEASHELLS,660.0,6
5991,327400,Paris,Charlie,MAGNIFICENT_MACARONS,SEASHELLS,657.0,7
6038,330300,Caesar,Paris,MAGNIFICENT_MACARONS,SEASHELLS,657.0,6
6059,331200,Caesar,Paris,MAGNIFICENT_MACARONS,SEASHELLS,654.0,6
6066,331300,Camilla,Camilla,MAGNIFICENT_MACARONS,SEASHELLS,659.0,2
6094,332400,Caesar,Paris,MAGNIFICENT_MACARONS,SEASHELLS,668.0,5
6143,334800,Paris,Charlie,MAGNIFICENT_MACARONS,SEASHELLS,682.0,7
6151,335200,Paris,Charlie,MAGNIFICENT_MACARONS,SEASHELLS,680.0,4
6169,336000,Paris,Charlie,MAGNIFICENT_MACARONS,SEASHELLS,685.0,7
6259,342200,Paris,Camilla,MAGNIFICENT_MACARONS,SEASHELLS,720.0,3
6278,343500,Camilla,Camilla,MAGNIFICENT_MACARONS,SEASHELLS,702.0,3
6320,345600,Paris,Charlie,MAGNIFICENT_MACARONS,SEASHELLS,720.0,7
6335,345800,Paris,Charlie,MAGNIFICENT_MACARONS,SEASHELLS,725.0,5
6344,346600,Camilla,Camilla,MAGNIFICENT_MACARONS,SEASHELLS,733.0,3
6368,348000,Camilla,Camilla,MAGNIFICENT_MACARONS,SEASHELLS,723.0,5
6449,351200,Camilla,Camilla,MAGNIFICENT_MACARONS,SEASHELLS,714.0,4
6451,351300,Paris,Charlie,MAGNIFICENT_MACARONS,SEASHELLS,717.0,7
6544,354900,Paris,Paris,MAGNIFICENT_MACARONS,SEASHELLS,728.0,4
6567,355700,Paris,Charlie,MAGNIFICENT_MACARONS,SEASHELLS,728.0,4
6576,356000,Paris,Charlie,MAGNIFICENT_MACARONS,SEASHELLS,724.0,5
6696,361900,Caesar,Paris,MAGNIFICENT_MACARONS,SEASHELLS,700.0,5
6697,361900,Charlie,Paris,MAGNIFICENT_MACARONS,SEASHELLS,700.0,2
6849,367700,Paris,Charlie,MAGNIFICENT_MACARONS,SEASHELLS,694.0,7
6887,369600,Paris,Charlie,MAGNIFICENT_MACARONS,SEASHELLS,694.0,6
6898,370500,Caesar,Paris,MAGNIFICENT_MACARONS,SEASHELLS,671.0,5
6902,370800,Paris,Charlie,MAGNIFICENT_MACARONS,SEASHELLS,684.0,5
7008,375900,Caesar,Paris,MAGNIFICENT_MACARONS,SEASHELLS,674.0,4
7028,377300,Paris,Charlie,MAGNIFICENT_MACARONS,SEASHELLS,671.0,5
7125,382900,Caesar,Paris,MAGNIFICENT_MACARONS,SEASHELLS,667.0,4
7171,384800,Paris,Charlie,MAGNIFICENT_MACARONS,SEASHELLS,680.0,4
7288,390000,Caesar,Paris,MAGNIFICENT_MACARONS,SEASHELLS,666.0,4
7556,404000,Caesar,Paris,MAGNIFICENT_MACARONS,SEASHELLS,663.0,5
7579,404900,Caesar,Paris,MAGNIFICENT_MACARONS,SEASHELLS,657.0,5
7580,404900,Charlie,Paris,MAGNIFICENT_MACARONS,SEASHELLS,657.0,2
7593,405700,Caesar,Paris,MAGNIFICENT_MACARONS,SEASHELLS,658.0,6
7618,407300,Caesar,Paris,MAGNIFICENT_MACARONS,SEASHELLS,664.0,5
7660,410200,Paris,Charlie,MAGNIFICENT_MACARONS,SEASHELLS,700.0,7
7763,415400,Paris,Charlie,MAGNIFICENT_MACARONS,SEASHELLS,710.0,4
7772,415700,Caesar,Paris,MAGNIFICENT_MACARONS,SEASHELLS,700.0,5
7773,415700,Charlie,Paris,MAGNIFICENT_MACARONS,SEASHELLS,700.0,1
7804,417800,Caesar,Paris,MAGNIFICENT_MACARONS,SEASHELLS,713.0,5
7866,421700,Paris,Charlie,MAGNIFICENT_MACARONS,SEASHELLS,691.0,7
7900,423900,Camilla,Camilla,MAGNIFICENT_MACARONS,SEASHELLS,686.0,3
7979,427600,Paris,Charlie,MAGNIFICENT_MACARONS,SEASHELLS,658.0,5
8004,428900,Paris,Charlie,MAGNIFICENT_MACARONS,SEASHELLS,667.0,7
8027,430000,Caesar,Camilla,MAGNIFICENT_MACARONS,SEASHELLS,653.0,5
8085,434300,Paris,Charlie,MAGNIFICENT_MACARONS,SEASHELLS,660.0,5
8287,444100,Paris,Charlie,MAGNIFICENT_MACARONS,SEASHELLS,705.0,5
8357,447400,Paris,Charlie,MAGNIFICENT_MACARONS,SEASHELLS,692.0,6
8389,449400,Camilla,Camilla,MAGNIFICENT_MACARONS,SEASHELLS,690.0,3
8430,450700,Camilla,Camilla,MAGNIFICENT_MACARONS,SEASHELLS,690.0,2
8548,457800,Paris,Paris,MAGNIFICENT_MACARONS,SEASHELLS,713.0,7
8552,458100,Camilla,Camilla,MAGNIFICENT_MACARONS,SEASHELLS,710.0,5
8637,462000,Caesar,Paris,MAGNIFICENT_MACARONS,SEASHELLS,723.0,6
8715,466900,Paris,Charlie,MAGNIFICENT_MACARONS,SEASHELLS,722.0,6
8724,467300,Paris,Charlie,MAGNIFICENT_MACARONS,SEASHELLS,727.0,5
8782,469700,Camilla,Camilla,MAGNIFICENT_MACARONS,SEASHELLS,732.0,5
8828,471500,Caesar,Paris,MAGNIFICENT_MACARONS,SEASHELLS,755.0,6
8848,472500,Caesar,Paris,MAGNIFICENT_MACARONS,SEASHELLS,752.0,4
8851,472600,Caesar,Paris,MAGNIFICENT_MACARONS,SEASHELLS,750.0,4
8889,474600,Camilla,Camilla,MAGNIFICENT_MACARONS,SEASHELLS,752.0,5
8893,474800,Caesar,Paris,MAGNIFICENT_MACARONS,SEASHELLS,748.0,7
8903,475100,Paris,Charlie,MAGNIFICENT_MACARONS,SEASHELLS,755.0,5
8914,475500,Caesar,Paris,MAGNIFICENT_MACARONS,SEASHELLS,734.0,5
8969,478000,Camilla,Caesar,MAGNIFICENT_MACARONS,SEASHELLS,735.0,5
8983,478700,Paris,Charlie,MAGNIFICENT_MACARONS,SEASHELLS,726.0,4
9014,480100,Paris,Charlie,MAGNIFICENT_MACARONS,SEASHELLS,722.0,5
9040,480900,Caesar,Paris,MAGNIFICENT_MACARONS,SEASHELLS,716.0,5
9054,482400,Paris,Charlie,MAGNIFICENT_MACARONS,SEASHELLS,728.0,5
9060,482600,Camilla,Camilla,MAGNIFICENT_MACARONS,SEASHELLS,724.0,3
9069,482900,Caesar,Paris,MAGNIFICENT_MACARONS,SEASHELLS,725.0,6
9084,483700,Paris,Charlie,MAGNIFICENT_MACARONS,SEASHELLS,732.0,5
9097,484400,Caesar,Paris,MAGNIFICENT_MACARONS,SEASHELLS,730.0,5
9210,491600,Camilla,Camilla,MAGNIFICENT_MACARONS,SEASHELLS,708.0,2
9282,494900,Caesar,Paris,MAGNIFICENT_MACARONS,SEASHELLS,700.0,5
9283,494900,Charlie,Paris,MAGNIFICENT_MACARONS,SEASHELLS,700.0,2
9319,496300,Paris,Charlie,MAGNIFICENT_MACARONS,SEASHELLS,714.0,5
9382,499800,Caesar,Paris,MAGNIFICENT_MACARONS,SEASHELLS,681.0,4
9440,502400,Paris,Charlie,MAGNIFICENT_MACARONS,SEASHELLS,673.0,5
9442,502600,Paris,Charlie,MAGNIFICENT_MACARONS,SEASHELLS,668.0,5
9460,503300,Caesar,Paris,MAGNIFICENT_MACARONS,SEASHELLS,663.0,4
9527,506800,Caesar,Paris,MAGNIFICENT_MACARONS,SEASHELLS,647.0,4
9613,512300,Camilla,Camilla,MAGNIFICENT_MACARONS,SEASHELLS,657.0,4
9698,518000,Camilla,Camilla,MAGNIFICENT_MACARONS,SEASHELLS,652.0,2
9729,519400,Paris,Charlie,MAGNIFICENT_MACARONS,SEASHELLS,638.0,5
9742,520100,Caesar,Paris,MAGNIFICENT_MACARONS,SEASHELLS,638.0,7
9846,526400,Paris,Charlie,MAGNIFICENT_MACARONS,SEASHELLS,682.0,5
9867,527700,Paris,Charlie,MAGNIFICENT_MACARONS,SEASHELLS,686.0,7
9878,528500,Paris,Paris,MAGNIFICENT_MACARONS,SEASHELLS,693.0,4
9922,531200,Paris,Charlie,MAGNIFICENT_MACARONS,SEASHELLS,695.0,6
9967,534600,Caesar,Paris,MAGNIFICENT_MACARONS,SEASHELLS,694.0,4
10106,541500,Paris,Charlie,MAGNIFICENT_MACARONS,SEASHELLS,722.0,4
10150,544300,Paris,Charlie,MAGNIFICENT_MACARONS,SEASHELLS,712.0,6
10194,546600,Paris,Charlie,MAGNIFICENT_MACARONS,SEASHELLS,704.0,5
10250,550600,Paris,Charlie,MAGNIFICENT_MACARONS,SEASHELLS,684.0,7
10283,552600,Paris,Paris,MAGNIFICENT_MACARONS,SEASHELLS,687.0,7
10432,562100,Paris,Charlie,MAGNIFICENT_MACARONS,SEASHELLS,665.0,5
10634,574900,Paris,Charlie,MAGNIFICENT_MACARONS,SEASHELLS,645.0,5
10646,575800,Caesar,Paris,MAGNIFICENT_MACARONS,SEASHELLS,635.0,4
10660,576600,Camilla,Camilla,MAGNIFICENT_MACARONS,SEASHELLS,643.0,2
10689,577500,Camilla,Paris,MAGNIFICENT_MACARONS,SEASHELLS,647.0,2
10696,577800,Caesar,Paris,MAGNIFICENT_MACARONS,SEASHELLS,641.0,5
10770,582300,Camilla,Camilla,MAGNIFICENT_MACARONS,SEASHELLS,658.0,4
10860,587800,Camilla,Camilla,MAGNIFICENT_MACARONS,SEASHELLS,673.0,3
10861,587900,Camilla,Camilla,MAGNIFICENT_MACARONS,SEASHELLS,676.0,3
10874,588400,Caesar,Paris,MAGNIFICENT_MACARONS,SEASHELLS,674.0,6
10941,591400,Paris,Charlie,MAGNIFICENT_MACARONS,SEASHELLS,681.0,6
11018,594800,Paris,Charlie,MAGNIFICENT_MACARONS,SEASHELLS,652.0,4
11048,596700,Caesar,Paris,MAGNIFICENT_MACARONS,SEASHELLS,648.0,6
11064,598900,Paris,Charlie,MAGNIFICENT_MACARONS,SEASHELLS,651.0,7
11070,599300,Caesar,Paris,MAGNIFICENT_MACARONS,SEASHELLS,644.0,4
11097,601100,Paris,Charlie,MAGNIFICENT_MACARONS,SEASHELLS,643.0,4
11114,602200,Caesar,Paris,MAGNIFICENT_MACARONS,SEASHELLS,646.0,4
11223,607300,Caesar,Paris,MAGNIFICENT_MACARONS,SEASHELLS,634.0,4
11261,609300,Paris,Charlie,MAGNIFICENT_MACARONS,SEASHELLS,646.0,4
11297,611400,Camilla,Camilla,MAGNIFICENT_MACARONS,SEASHELLS,627.0,5
11333,614000,Caesar,Paris,MAGNIFICENT_MACARONS,SEASHELLS,627.0,5
11334,614000,Charlie,Paris,MAGNIFICENT_MACARONS,SEASHELLS,627.0,1
11421,618500,Camilla,Camilla,MAGNIFICENT_MACARONS,SEASHELLS,619.0,2
11432,619000,Caesar,Paris,MAGNIFICENT_MACARONS,SEASHELLS,612.0,6
11530,624000,Caesar,Paris,MAGNIFICENT_MACARONS,SEASHELLS,613.0,7
11552,624500,Caesar,Paris,MAGNIFICENT_MACARONS,SEASHELLS,618.0,5
11589,626500,Paris,Charlie,MAGNIFICENT_MACARONS,SEASHELLS,612.0,5
11739,636500,Paris,Charlie,MAGNIFICENT_MACARONS,SEASHELLS,601.0,5
11755,637500,Camilla,Caesar,MAGNIFICENT_MACARONS,SEASHELLS,592.0,3
11784,638900,Caesar,Paris,MAGNIFICENT_MACARONS,SEASHELLS,586.0,5
11785,638900,Charlie,Paris,MAGNIFICENT_MACARONS,SEASHELLS,586.0,1
11899,646000,Paris,Charlie,MAGNIFICENT_MACARONS,SEASHELLS,632.0,4
11912,647100,Camilla,Camilla,MAGNIFICENT_MACARONS,SEASHELLS,623.0,5
12008,653100,Camilla,Camilla,MAGNIFICENT_MACARONS,SEASHELLS,611.0,4
12088,657300,Caesar,Paris,MAGNIFICENT_MACARONS,SEASHELLS,585.0,6
12175,662500,Camilla,Camilla,MAGNIFICENT_MACARONS,SEASHELLS,572.0,2
12188,663200,Camilla,Camilla,MAGNIFICENT_MACARONS,SEASHELLS,575.0,2
12201,664300,Paris,Charlie,MAGNIFICENT_MACARONS,SEASHELLS,588.0,6
12315,668300,Camilla,Caesar,MAGNIFICENT_MACARONS,SEASHELLS,573.0,3
12328,669300,Camilla,Camilla,MAGNIFICENT_MACARONS,SEASHELLS,573.0,4
12402,675100,Caesar,Camilla,MAGNIFICENT_MACARONS,SEASHELLS,604.0,3
12432,676300,Camilla,Camilla,MAGNIFICENT_MACARONS,SEASHELLS,609.0,5
12505,679700,Caesar,Paris,MAGNIFICENT_MACARONS,SEASHELLS,583.0,6
12506,679700,Charlie,Paris,MAGNIFICENT_MACARONS,SEASHELLS,583.0,1
12518,680900,Caesar,Paris,MAGNIFICENT_MACARONS,SEASHELLS,584.0,7
12581,684600,Camilla,Camilla,MAGNIFICENT_MACARONS,SEASHELLS,587.0,2
12597,685400,Caesar,Paris,MAGNIFICENT_MACARONS,SEASHELLS,586.0,5
12601,685600,Paris,Charlie,MAGNIFICENT_MACARONS,SEASHELLS,586.0,5
12613,686300,Caesar,Paris,MAGNIFICENT_MACARONS,SEASHELLS,576.0,7
12665,689800,Caesar,Paris,MAGNIFICENT_MACARONS,SEASHELLS,575.0,7
12705,691200,Camilla,Camilla,MAGNIFICENT_MACARONS,SEASHELLS,571.0,5
12782,694000,Camilla,Camilla,MAGNIFICENT_MACARONS,SEASHELLS,570.0,2
12925,703600,Paris,Charlie,MAGNIFICENT_MACARONS,SEASHELLS,606.0,6
12981,705800,Camilla,Camilla,MAGNIFICENT_MACARONS,SEASHELLS,614.0,3
13192,718000,Caesar,Paris,MAGNIFICENT_MACARONS,SEASHELLS,655.0,5
13197,718200,Camilla,Camilla,MAGNIFICENT_MACARONS,SEASHELLS,660.0,2
13247,720800,Caesar,Paris,MAGNIFICENT_MACARONS,SEASHELLS,651.0,5
13248,720800,Charlie,Paris,MAGNIFICENT_MACARONS,SEASHELLS,651.0,1
13427,729900,Caesar,Paris,MAGNIFICENT_MACARONS,SEASHELLS,624.0,6
13432,730600,Caesar,Paris,MAGNIFICENT_MACARONS,SEASHELLS,623.0,6
13572,737400,Paris,Charlie,MAGNIFICENT_MACARONS,SEASHELLS,595.0,4
13575,737500,Caesar,Paris,MAGNIFICENT_MACARONS,SEASHELLS,590.0,6
13602,739100,Paris,Charlie,MAGNIFICENT_MACARONS,SEASHELLS,620.0,6
13615,739700,Camilla,Camilla,MAGNIFICENT_MACARONS,SEASHELLS,604.0,2
13717,746300,Camilla,Camilla,MAGNIFICENT_MACARONS,SEASHELLS,582.0,3
13799,750500,Paris,Charlie,MAGNIFICENT_MACARONS,SEASHELLS,596.0,6
13902,756500,Paris,Charlie,MAGNIFICENT_MACARONS,SEASHELLS,614.0,6
13904,756600,Paris,Charlie,MAGNIFICENT_MACARONS,SEASHELLS,616.0,5
13926,758500,Paris,Charlie,MAGNIFICENT_MACARONS,SEASHELLS,606.0,6
13995,763300,Paris,Charlie,MAGNIFICENT_MACARONS,SEASHELLS,623.0,6
14115,769900,Paris,Charlie,MAGNIFICENT_MACARONS,SEASHELLS,581.0,4
14161,772800,Caesar,Paris,MAGNIFICENT_MACARONS,SEASHELLS,571.0,6
14219,775200,Camilla,Camilla,MAGNIFICENT_MACARONS,SEASHELLS,578.0,5
14259,777600,Caesar,Paris,MAGNIFICENT_MACARONS,SEASHELLS,568.0,4
14298,780900,Caesar,Paris,MAGNIFICENT_MACARONS,SEASHELLS,607.0,4
14407,786700,Caesar,Paris,MAGNIFICENT_MACARONS,SEASHELLS,614.0,7
14447,789000,Camilla,Camilla,MAGNIFICENT_MACARONS,SEASHELLS,629.0,2
14456,789600,Camilla,Camilla,MAGNIFICENT_MACARONS,SEASHELLS,630.0,3
14465,789800,Camilla,Caesar,MAGNIFICENT_MACARONS,SEASHELLS,627.0,3
14488,791400,Camilla,Camilla,MAGNIFICENT_MACARONS,SEASHELLS,631.0,2
14562,794400,Paris,Charlie,MAGNIFICENT_MACARONS,SEASHELLS,613.0,6
14590,796000,Caesar,Paris,MAGNIFICENT_MACARONS,SEASHELLS,609.0,5
14600,796500,Camilla,Camilla,MAGNIFICENT_MACARONS,SEASHELLS,615.0,2
14685,800400,Camilla,Camilla,MAGNIFICENT_MACARONS,SEASHELLS,605.0,2
14719,803700,Caesar,Paris,MAGNIFICENT_MACARONS,SEASHELLS,596.0,6
14720,803700,Charlie,Paris,MAGNIFICENT_MACARONS,SEASHELLS,596.0,1
14749,805600,Camilla,Camilla,MAGNIFICENT_MACARONS,SEASHELLS,598.0,4
14832,810100,Caesar,Paris,MAGNIFICENT_MACARONS,SEASHELLS,604.0,5
14833,810100,Charlie,Paris,MAGNIFICENT_MACARONS,SEASHELLS,604.0,1
14960,817700,Caesar,Paris,MAGNIFICENT_MACARONS,SEASHELLS,601.0,6
15066,822600,Caesar,Paris,MAGNIFICENT_MACARONS,SEASHELLS,630.0,6
15104,824400,Caesar,Paris,MAGNIFICENT_MACARONS,SEASHELLS,638.0,5
15147,827800,Camilla,Paris,MAGNIFICENT_MACARONS,SEASHELLS,662.0,3
15201,830900,Camilla,Camilla,MAGNIFICENT_MACARONS,SEASHELLS,656.0,3
15203,831000,Camilla,Camilla,MAGNIFICENT_MACARONS,SEASHELLS,655.0,2
15231,832600,Caesar,Paris,MAGNIFICENT_MACARONS,SEASHELLS,642.0,6
15249,834000,Caesar,Paris,MAGNIFICENT_MACARONS,SEASHELLS,650.0,4
15279,835200,Camilla,Caesar,MAGNIFICENT_MACARONS,SEASHELLS,643.0,3
15368,839400,Camilla,Camilla,MAGNIFICENT_MACARONS,SEASHELLS,631.0,4
15740,860100,Paris,Charlie,MAGNIFICENT_MACARONS,SEASHELLS,657.0,7
15764,861300,Paris,Charlie,MAGNIFICENT_MACARONS,SEASHELLS,658.0,5
15774,862500,Camilla,Caesar,MAGNIFICENT_MACARONS,SEASHELLS,662.0,3
15794,864400,Paris,Charlie,MAGNIFICENT_MACARONS,SEASHELLS,663.0,4
15803,865000,Paris,Charlie,MAGNIFICENT_MACARONS,SEASHELLS,664.0,4
15900,869900,Paris,Charlie,MAGNIFICENT_MACARONS,SEASHELLS,661.0,6
16082,880300,Caesar,Paris,MAGNIFICENT_MACARONS,SEASHELLS,610.0,5
16083,880300,Charlie,Paris,MAGNIFICENT_MACARONS,SEASHELLS,610.0,2
16087,880600,Camilla,Camilla,MAGNIFICENT_MACARONS,SEASHELLS,615.0,2
16103,881300,Caesar,Paris,MAGNIFICENT_MACARONS,SEASHELLS,613.0,5
16104,881300,Charlie,Paris,MAGNIFICENT_MACARONS,SEASHELLS,613.0,1
16250,889300,Camilla,Camilla,MAGNIFICENT_MACARONS,SEASHELLS,642.0,5
16271,890700,Caesar,Paris,MAGNIFICENT_MACARONS,SEASHELLS,640.0,6
16299,891700,Paris,Charlie,MAGNIFICENT_MACARONS,SEASHELLS,660.0,6
16319,892700,Camilla,Camilla,MAGNIFICENT_MACARONS,SEASHELLS,652.0,3
16330,893300,Caesar,Paris,MAGNIFICENT_MACARONS,SEASHELLS,644.0,7
16361,895800,Caesar,Paris,MAGNIFICENT_MACARONS,SEASHELLS,647.0,7
16393,897800,Camilla,Caesar,MAGNIFICENT_MACARONS,SEASHELLS,654.0,2
16406,899000,Camilla,Camilla,MAGNIFICENT_MACARONS,SEASHELLS,659.0,5
16457,902100,Paris,Charlie,MAGNIFICENT_MACARONS,SEASHELLS,632.0,5
16483,903900,Camilla,Camilla,MAGNIFICENT_MACARONS,SEASHELLS,635.0,4
16563,909100,Paris,Charlie,MAGNIFICENT_MACARONS,SEASHELLS,658.0,4
16587,910800,Paris,Charlie,MAGNIFICENT_MACARONS,SEASHELLS,677.0,5
16618,913200,Caesar,Paris,MAGNIFICENT_MACARONS,SEASHELLS,680.0,5
16661,914900,Caesar,Paris,MAGNIFICENT_MACARONS,SEASHELLS,671.0,4
16667,915300,Camilla,Camilla,MAGNIFICENT_MACARONS,SEASHELLS,673.0,2
16714,917200,Camilla,Camilla,MAGNIFICENT_MACARONS,SEASHELLS,689.0,4
16716,917500,Paris,Charlie,MAGNIFICENT_MACARONS,SEASHELLS,687.0,4
16959,930900,Paris,Charlie,MAGNIFICENT_MACARONS,SEASHELLS,698.0,4
16983,932000,Caesar,Paris,MAGNIFICENT_MACARONS,SEASHELLS,691.0,6
16997,932600,Caesar,Paris,MAGNIFICENT_MACARONS,SEASHELLS,693.0,7
17004,932800,Paris,Charlie,MAGNIFICENT_MACARONS,SEASHELLS,696.0,4
17010,933100,Caesar,Paris,MAGNIFICENT_MACARONS,SEASHELLS,694.0,5
17011,933100,Charlie,Paris,MAGNIFICENT_MACARONS,SEASHELLS,694.0,2
17115,937600,Paris,Charlie,MAGNIFICENT_MACARONS,SEASHELLS,697.0,5
17194,942300,Camilla,Camilla,MAGNIFICENT_MACARONS,SEASHELLS,686.0,2
17220,943200,Paris,Charlie,MAGNIFICENT_MACARONS,SEASHELLS,680.0,6
17225,943400,Paris,Paris,MAGNIFICENT_MACARONS,SEASHELLS,677.0,5
17246,945100,Caesar,Paris,MAGNIFICENT_MACARONS,SEASHELLS,670.0,5
17305,948600,Camilla,Camilla,MAGNIFICENT_MACARONS,SEASHELLS,678.0,2
17438,956400,Camilla,Camilla,MAGNIFICENT_MACARONS,SEASHELLS,631.0,4
17443,956800,Paris,Paris,MAGNIFICENT_MACARONS,SEASHELLS,631.0,5
17446,957300,Camilla,Camilla,MAGNIFICENT_MACARONS,SEASHELLS,628.0,3
17511,960900,Paris,Charlie,MAGNIFICENT_MACARONS,SEASHELLS,625.0,5
17634,969400,Paris,Charlie,MAGNIFICENT_MACARONS,SEASHELLS,651.0,6
17671,971700,Camilla,Camilla,MAGNIFICENT_MACARONS,SEASHELLS,655.0,3
17713,973200,Caesar,Paris,MAGNIFICENT_MACARONS,SEASHELLS,661.0,6
17714,973200,Charlie,Paris,MAGNIFICENT_MACARONS,SEASHELLS,661.0,1
17717,973300,Camilla,Camilla,MAGNIFICENT_MACARONS,SEASHELLS,669.0,3
17804,976100,Paris,Camilla,MAGNIFICENT_MACARONS,SEASHELLS,658.0,2
17978,985200,Caesar,Camilla,MAGNIFICENT_MACARONS,SEASHELLS,654.0,4
18068,992100,Paris,Charlie,MAGNIFICENT_MACARONS,SEASHELLS,681.0,5
18124,994800,Caesar,Paris,MAGNIFICENT_MACARONS,SEASHELLS,661.0,6
78,1003800,Paris,Charlie,MAGNIFICENT_MACARONS,SEASHELLS,651.0,4
103,1005800,Camilla,Caesar,MAGNIFICENT_MACARONS,SEASHELLS,643.0,5
225,1013100,Caesar,Paris,MAGNIFICENT_MACARONS,SEASHELLS,626.0,6
257,1014600,Camilla,Camilla,MAGNIFICENT_MACARONS,SEASHELLS,620.0,5
269,1015200,Caesar,Paris,MAGNIFICENT_MACARONS,SEASHELLS,614.0,4
291,1016400,Paris,Charlie,MAGNIFICENT_MACARONS,SEASHELLS,630.0,7
357,1021800,Paris,Charlie,MAGNIFICENT_MACARONS,SEASHELLS,639.0,5
491,1027900,Paris,Charlie,MAGNIFICENT_MACARONS,SEASHELLS,636.0,5
532,1029800,Caesar,Paris,MAGNIFICENT_MACARONS,SEASHELLS,627.0,6
588,1032000,Camilla,Camilla,MAGNIFICENT_MACARONS,SEASHELLS,635.0,2
715,1038700,Caesar,Paris,MAGNIFICENT_MACARONS,SEASHELLS,602.0,5
753,1041300,Camilla,Caesar,MAGNIFICENT_MACARONS,SEASHELLS,600.0,3
781,1042500,Paris,Charlie,MAGNIFICENT_MACARONS,SEASHELLS,614.0,6
838,1044300,Camilla,Camilla,MAGNIFICENT_MACARONS,SEASHELLS,585.0,4
854,1044800,Caesar,Paris,MAGNIFICENT_MACARONS,SEASHELLS,581.0,6
879,1045600,Camilla,Camilla,MAGNIFICENT_MACARONS,SEASHELLS,583.0,2
892,1045800,Caesar,Paris,MAGNIFICENT_MACARONS,SEASHELLS,580.0,5
894,1045900,Paris,Charlie,MAGNIFICENT_MACARONS,SEASHELLS,588.0,5
914,1047400,Caesar,Paris,MAGNIFICENT_MACARONS,SEASHELLS,584.0,6
982,1051800,Caesar,Paris,MAGNIFICENT_MACARONS,SEASHELLS,588.0,5
989,1052000,Caesar,Paris,MAGNIFICENT_MACARONS,SEASHELLS,588.0,6
1022,1052900,Paris,Charlie,MAGNIFICENT_MACARONS,SEASHELLS,597.0,4
1127,1058900,Caesar,Paris,MAGNIFICENT_MACARONS,SEASHELLS,590.0,4
1147,1060100,Camilla,Camilla,MAGNIFICENT_MACARONS,SEASHELLS,604.0,5
1170,1061600,Caesar,Paris,MAGNIFICENT_MACARONS,SEASHELLS,618.0,6
1180,1062400,Camilla,Caesar,MAGNIFICENT_MACARONS,SEASHELLS,619.0,5
1181,1062500,Paris,Charlie,MAGNIFICENT_MACARONS,SEASHELLS,623.0,6
1228,1065300,Camilla,Camilla,MAGNIFICENT_MACARONS,SEASHELLS,598.0,3
1279,1067100,Camilla,Camilla,MAGNIFICENT_MACARONS,SEASHELLS,614.0,4
1334,1070700,Camilla,Camilla,MAGNIFICENT_MACARONS,SEASHELLS,595.0,4
1389,1073500,Caesar,Paris,MAGNIFICENT_MACARONS,SEASHELLS,574.0,4
1404,1074700,Camilla,Camilla,MAGNIFICENT_MACARONS,SEASHELLS,581.0,3
1411,1075400,Caesar,Paris,MAGNIFICENT_MACARONS,SEASHELLS,587.0,6
1419,1076500,Caesar,Paris,MAGNIFICENT_MACARONS,SEASHELLS,583.0,6
1468,1079700,Camilla,Camilla,MAGNIFICENT_MACARONS,SEASHELLS,599.0,5
1542,1083500,Paris,Charlie,MAGNIFICENT_MACARONS,SEASHELLS,609.0,5
1551,1083700,Camilla,Camilla,MAGNIFICENT_MACARONS,SEASHELLS,603.0,2
1649,1090100,Paris,Charlie,MAGNIFICENT_MACARONS,SEASHELLS,623.0,7
1692,1091600,Paris,Charlie,MAGNIFICENT_MACARONS,SEASHELLS,617.0,5
1781,1097500,Caesar,Paris,MAGNIFICENT_MACARONS,SEASHELLS,602.0,5
1782,1097500,Charlie,Paris,MAGNIFICENT_MACARONS,SEASHELLS,602.0,1
1915,1103600,Paris,Charlie,MAGNIFICENT_MACARONS,SEASHELLS,574.0,4
2047,1110300,Camilla,Camilla,MAGNIFICENT_MACARONS,SEASHELLS,567.0,4
2085,1112300,Camilla,Camilla,MAGNIFICENT_MACARONS,SEASHELLS,567.0,4
2210,1120500,Paris,Charlie,MAGNIFICENT_MACARONS,SEASHELLS,563.0,6
2284,1124500,Caesar,Paris,MAGNIFICENT_MACARONS,SEASHELLS,550.0,6
2296,1124700,Caesar,Paris,MAGNIFICENT_MACARONS,SEASHELLS,549.0,5
2314,1125900,Paris,Charlie,MAGNIFICENT_MACARONS,SEASHELLS,547.0,6
2326,1126800,Caesar,Paris,MAGNIFICENT_MACARONS,SEASHELLS,544.0,6
2327,1126800,Charlie,Paris,MAGNIFICENT_MACARONS,SEASHELLS,544.0,1
2375,1129400,Paris,Paris,MAGNIFICENT_MACARONS,SEASHELLS,553.0,4
2387,1130000,Camilla,Caesar,MAGNIFICENT_MACARONS,SEASHELLS,575.0,5
2472,1133200,Paris,Charlie,MAGNIFICENT_MACARONS,SEASHELLS,579.0,5
2476,1133500,Camilla,Camilla,MAGNIFICENT_MACARONS,SEASHELLS,571.0,3
2513,1135700,Paris,Charlie,MAGNIFICENT_MACARONS,SEASHELLS,557.0,5
2548,1138100,Camilla,Camilla,MAGNIFICENT_MACARONS,SEASHELLS,562.0,4
2550,1138200,Caesar,Paris,MAGNIFICENT_MACARONS,SEASHELLS,560.0,4
2611,1141300,Caesar,Paris,MAGNIFICENT_MACARONS,SEASHELLS,555.0,5
2612,1141300,Charlie,Paris,MAGNIFICENT_MACARONS,SEASHELLS,555.0,2
2623,1141600,Paris,Charlie,MAGNIFICENT_MACARONS,SEASHELLS,566.0,6
2654,1142800,Caesar,Paris,MAGNIFICENT_MACARONS,SEASHELLS,549.0,5
2771,1146900,Caesar,Paris,MAGNIFICENT_MACARONS,SEASHELLS,552.0,4
2813,1149000,Caesar,Paris,MAGNIFICENT_MACARONS,SEASHELLS,543.0,6
2898,1153200,Camilla,Camilla,MAGNIFICENT_MACARONS,SEASHELLS,566.0,3
2925,1154500,Caesar,Paris,MAGNIFICENT_MACARONS,SEASHELLS,563.0,7
2972,1158600,Paris,Charlie,MAGNIFICENT_MACARONS,SEASHELLS,587.0,5
3010,1161100,Camilla,Camilla,MAGNIFICENT_MACARONS,SEASHELLS,578.0,2
3036,1161700,Paris,Charlie,MAGNIFICENT_MACARONS,SEASHELLS,577.0,4
3074,1163800,Paris,Charlie,MAGNIFICENT_MACARONS,SEASHELLS,590.0,7
3165,1166400,Paris,Camilla,MAGNIFICENT_MACARONS,SEASHELLS,590.0,5
3291,1172300,Paris,Charlie,MAGNIFICENT_MACARONS,SEASHELLS,594.0,7
3322,1173900,Caesar,Paris,MAGNIFICENT_MACARONS,SEASHELLS,590.0,6
3411,1177300,Caesar,Paris,MAGNIFICENT_MACARONS,SEASHELLS,586.0,4
3457,1180000,Camilla,Camilla,MAGNIFICENT_MACARONS,SEASHELLS,594.0,4
3461,1180200,Camilla,Camilla,MAGNIFICENT_MACARONS,SEASHELLS,594.0,5
3489,1181200,Paris,Charlie,MAGNIFICENT_MACARONS,SEASHELLS,601.0,6
3510,1182200,Caesar,Paris,MAGNIFICENT_MACARONS,SEASHELLS,598.0,4
3547,1184000,Paris,Charlie,MAGNIFICENT_MACARONS,SEASHELLS,595.0,4
3744,1195800,Caesar,Paris,MAGNIFICENT_MACARONS,SEASHELLS,582.0,4
3826,1200100,Caesar,Paris,MAGNIFICENT_MACARONS,SEASHELLS,601.0,6
3934,1205600,Camilla,Camilla,MAGNIFICENT_MACARONS,SEASHELLS,627.0,3
4008,1209600,Paris,Camilla,MAGNIFICENT_MACARONS,SEASHELLS,627.0,3
4082,1215100,Paris,Charlie,MAGNIFICENT_MACARONS,SEASHELLS,613.0,5
4139,1218200,Paris,Charlie,MAGNIFICENT_MACARONS,SEASHELLS,604.0,7
4198,1222200,Paris,Charlie,MAGNIFICENT_MACARONS,SEASHELLS,588.0,5
4277,1226100,Camilla,Camilla,MAGNIFICENT_MACARONS,SEASHELLS,591.0,2
4386,1232700,Paris,Charlie,MAGNIFICENT_MACARONS,SEASHELLS,596.0,6
4410,1233500,Camilla,Camilla,MAGNIFICENT_MACARONS,SEASHELLS,600.0,4
4433,1234700,Caesar,Paris,MAGNIFICENT_MACARONS,SEASHELLS,599.0,5
4501,1238400,Camilla,Camilla,MAGNIFICENT_MACARONS,SEASHELLS,575.0,5
4527,1239800,Paris,Charlie,MAGNIFICENT_MACARONS,SEASHELLS,592.0,5
4548,1241600,Paris,Charlie,MAGNIFICENT_MACARONS,SEASHELLS,590.0,4
4642,1245800,Paris,Charlie,MAGNIFICENT_MACARONS,SEASHELLS,611.0,5
4644,1246000,Camilla,Camilla,MAGNIFICENT_MACARONS,SEASHELLS,602.0,4
4738,1249700,Camilla,Camilla,MAGNIFICENT_MACARONS,SEASHELLS,621.0,3
4770,1251300,Caesar,Paris,MAGNIFICENT_MACARONS,SEASHELLS,608.0,5
4813,1253500,Caesar,Paris,MAGNIFICENT_MACARONS,SEASHELLS,591.0,5
4844,1256000,Camilla,Caesar,MAGNIFICENT_MACARONS,SEASHELLS,568.0,2
4882,1259100,Caesar,Paris,MAGNIFICENT_MACARONS,SEASHELLS,573.0,4
4911,1260300,Camilla,Camilla,MAGNIFICENT_MACARONS,SEASHELLS,564.0,2
4969,1263500,Camilla,Camilla,MAGNIFICENT_MACARONS,SEASHELLS,553.0,3
4970,1263600,Camilla,Camilla,MAGNIFICENT_MACARONS,SEASHELLS,556.0,2
5085,1270400,Caesar,Paris,MAGNIFICENT_MACARONS,SEASHELLS,549.0,5
5086,1270400,Charlie,Paris,MAGNIFICENT_MACARONS,SEASHELLS,549.0,2
5091,1270900,Paris,Charlie,MAGNIFICENT_MACARONS,SEASHELLS,574.0,5
5113,1271200,Camilla,Camilla,MAGNIFICENT_MACARONS,SEASHELLS,570.0,5
5181,1275300,Paris,Charlie,MAGNIFICENT_MACARONS,SEASHELLS,597.0,4
5239,1278300,Paris,Charlie,MAGNIFICENT_MACARONS,SEASHELLS,581.0,4
5274,1279900,Paris,Charlie,MAGNIFICENT_MACARONS,SEASHELLS,590.0,4
5319,1281800,Caesar,Paris,MAGNIFICENT_MACARONS,SEASHELLS,570.0,5
5335,1282500,Caesar,Paris,MAGNIFICENT_MACARONS,SEASHELLS,570.0,4
5375,1284100,Caesar,Paris,MAGNIFICENT_MACARONS,SEASHELLS,556.0,7
5453,1289300,Camilla,Camilla,MAGNIFICENT_MACARONS,SEASHELLS,535.0,3
5498,1291200,Camilla,Camilla,MAGNIFICENT_MACARONS,SEASHELLS,542.0,4
5655,1302200,Camilla,Camilla,MAGNIFICENT_MACARONS,SEASHELLS,545.0,4
5725,1306500,Camilla,Camilla,MAGNIFICENT_MACARONS,SEASHELLS,574.0,4
5791,1310500,Camilla,Camilla,MAGNIFICENT_MACARONS,SEASHELLS,594.0,4
5849,1313700,Caesar,Paris,MAGNIFICENT_MACARONS,SEASHELLS,568.0,7
5851,1313800,Caesar,Camilla,MAGNIFICENT_MACARONS,SEASHELLS,577.0,2
5873,1314500,Caesar,Paris,MAGNIFICENT_MACARONS,SEASHELLS,566.0,5
5904,1316100,Camilla,Camilla,MAGNIFICENT_MACARONS,SEASHELLS,573.0,3
5932,1317600,Caesar,Camilla,MAGNIFICENT_MACARONS,SEASHELLS,565.0,4
5933,1317700,Camilla,Camilla,MAGNIFICENT_MACARONS,SEASHELLS,567.0,2
6028,1323700,Caesar,Paris,MAGNIFICENT_MACARONS,SEASHELLS,554.0,6
6194,1334100,Paris,Charlie,MAGNIFICENT_MACARONS,SEASHELLS,620.0,4
6253,1337600,Caesar,Paris,MAGNIFICENT_MACARONS,SEASHELLS,630.0,6
6254,1337600,Charlie,Paris,MAGNIFICENT_MACARONS,SEASHELLS,630.0,1
6263,1338000,Camilla,Camilla,MAGNIFICENT_MACARONS,SEASHELLS,645.0,3
6299,1340600,Caesar,Paris,MAGNIFICENT_MACARONS,SEASHELLS,651.0,4
6398,1346100,Camilla,Camilla,MAGNIFICENT_MACARONS,SEASHELLS,648.0,3
6451,1349300,Caesar,Paris,MAGNIFICENT_MACARONS,SEASHELLS,653.0,7
6453,1349400,Caesar,Paris,MAGNIFICENT_MACARONS,SEASHELLS,653.0,4
6511,1351900,Caesar,Paris,MAGNIFICENT_MACARONS,SEASHELLS,667.0,6
6548,1353900,Camilla,Camilla,MAGNIFICENT_MACARONS,SEASHELLS,677.0,4
6573,1354800,Camilla,Camilla,MAGNIFICENT_MACARONS,SEASHELLS,673.0,3
6725,1362200,Camilla,Camilla,MAGNIFICENT_MACARONS,SEASHELLS,681.0,3
6728,1362400,Paris,Charlie,MAGNIFICENT_MACARONS,SEASHELLS,685.0,5
6763,1363900,Paris,Charlie,MAGNIFICENT_MACARONS,SEASHELLS,689.0,7
6773,1364600,Paris,Charlie,MAGNIFICENT_MACARONS,SEASHELLS,695.0,5
6793,1366000,Caesar,Paris,MAGNIFICENT_MACARONS,SEASHELLS,693.0,4
6808,1366700,Paris,Charlie,MAGNIFICENT_MACARONS,SEASHELLS,704.0,4
6891,1372000,Paris,Camilla,MAGNIFICENT_MACARONS,SEASHELLS,682.0,4
6956,1374700,Camilla,Camilla,MAGNIFICENT_MACARONS,SEASHELLS,698.0,5
6985,1376400,Camilla,Camilla,MAGNIFICENT_MACARONS,SEASHELLS,693.0,2
7084,1383100,Paris,Charlie,MAGNIFICENT_MACARONS,SEASHELLS,693.0,7
7106,1383900,Caesar,Paris,MAGNIFICENT_MACARONS,SEASHELLS,672.0,5
7139,1385200,Camilla,Camilla,MAGNIFICENT_MACARONS,SEASHELLS,681.0,4
7144,1385500,Camilla,Camilla,MAGNIFICENT_MACARONS,SEASHELLS,682.0,5
7311,1394300,Caesar,Paris,MAGNIFICENT_MACARONS,SEASHELLS,718.0,6
7315,1394500,Caesar,Paris,MAGNIFICENT_MACARONS,SEASHELLS,717.0,5
7350,1395700,Camilla,Caesar,MAGNIFICENT_MACARONS,SEASHELLS,725.0,5
7377,1397200,Paris,Charlie,MAGNIFICENT_MACARONS,SEASHELLS,726.0,5
7412,1398400,Camilla,Camilla,MAGNIFICENT_MACARONS,SEASHELLS,729.0,4
7456,1401600,Caesar,Paris,MAGNIFICENT_MACARONS,SEASHELLS,709.0,7
7595,1407500,Paris,Paris,MAGNIFICENT_MACARONS,SEASHELLS,719.0,5
7621,1408400,Paris,Charlie,MAGNIFICENT_MACARONS,SEASHELLS,718.0,6
7724,1412800,Paris,Charlie,MAGNIFICENT_MACARONS,SEASHELLS,727.0,5
7753,1414200,Paris,Charlie,MAGNIFICENT_MACARONS,SEASHELLS,720.0,7
7785,1416800,Caesar,Camilla,MAGNIFICENT_MACARONS,SEASHELLS,715.0,4
7804,1418500,Paris,Charlie,MAGNIFICENT_MACARONS,SEASHELLS,710.0,4
7973,1428400,Camilla,Camilla,MAGNIFICENT_MACARONS,SEASHELLS,668.0,5
7975,1428600,Paris,Charlie,MAGNIFICENT_MACARONS,SEASHELLS,666.0,5
7977,1429000,Caesar,Paris,MAGNIFICENT_MACARONS,SEASHELLS,652.0,4
8132,1435400,Caesar,Paris,MAGNIFICENT_MACARONS,SEASHELLS,635.0,5
8134,1435500,Camilla,Camilla,MAGNIFICENT_MACARONS,SEASHELLS,637.0,3
8141,1436100,Paris,Charlie,MAGNIFICENT_MACARONS,SEASHELLS,634.0,6
8212,1439700,Paris,Charlie,MAGNIFICENT_MACARONS,SEASHELLS,656.0,5
8275,1442700,Caesar,Paris,MAGNIFICENT_MACARONS,SEASHELLS,633.0,5
8479,1453300,Paris,Charlie,MAGNIFICENT_MACARONS,SEASHELLS,620.0,6
8494,1454500,Camilla,Camilla,MAGNIFICENT_MACARONS,SEASHELLS,604.0,4
8721,1467600,Paris,Charlie,MAGNIFICENT_MACARONS,SEASHELLS,622.0,6
8725,1467800,Paris,Charlie,MAGNIFICENT_MACARONS,SEASHELLS,627.0,5
8765,1469200,Caesar,Paris,MAGNIFICENT_MACARONS,SEASHELLS,624.0,4
8767,1469300,Paris,Charlie,MAGNIFICENT_MACARONS,SEASHELLS,632.0,6
8791,1470700,Caesar,Paris,MAGNIFICENT_MACARONS,SEASHELLS,625.0,7
8833,1472300,Camilla,Camilla,MAGNIFICENT_MACARONS,SEASHELLS,630.0,3
8952,1477500,Caesar,Paris,MAGNIFICENT_MACARONS,SEASHELLS,643.0,6
8954,1477900,Paris,Charlie,MAGNIFICENT_MACARONS,SEASHELLS,652.0,4
9036,1481800,Paris,Charlie,MAGNIFICENT_MACARONS,SEASHELLS,621.0,6
9106,1484800,Paris,Charlie,MAGNIFICENT_MACARONS,SEASHELLS,622.0,4
9171,1488000,Paris,Charlie,MAGNIFICENT_MACARONS,SEASHELLS,640.0,6
9179,1488400,Caesar,Paris,MAGNIFICENT_MACARONS,SEASHELLS,628.0,4
9231,1491300,Paris,Charlie,MAGNIFICENT_MACARONS,SEASHELLS,643.0,5
9247,1492600,Camilla,Camilla,MAGNIFICENT_MACARONS,SEASHELLS,660.0,2
9253,1493200,Paris,Charlie,MAGNIFICENT_MACARONS,SEASHELLS,668.0,4
9255,1493300,Paris,Charlie,MAGNIFICENT_MACARONS,SEASHELLS,668.0,4
9256,1493400,Caesar,Paris,MAGNIFICENT_MACARONS,SEASHELLS,659.0,7
9309,1496400,Paris,Charlie,MAGNIFICENT_MACARONS,SEASHELLS,687.0,6
9397,1500500,Camilla,Camilla,MAGNIFICENT_MACARONS,SEASHELLS,701.0,5
9484,1504800,Paris,Camilla,MAGNIFICENT_MACARONS,SEASHELLS,710.0,2
9505,1506000,Paris,Charlie,MAGNIFICENT_MACARONS,SEASHELLS,720.0,5
9607,1511400,Paris,Charlie,MAGNIFICENT_MACARONS,SEASHELLS,747.0,5
9608,1511600,Paris,Charlie,MAGNIFICENT_MACARONS,SEASHELLS,747.0,4
9699,1516200,Paris,Charlie,MAGNIFICENT_MACARONS,SEASHELLS,722.0,6
9705,1516600,Caesar,Camilla,MAGNIFICENT_MACARONS,SEASHELLS,717.0,2
9716,1517200,Camilla,Camilla,MAGNIFICENT_MACARONS,SEASHELLS,715.0,4
9747,1518900,Paris,Charlie,MAGNIFICENT_MACARONS,SEASHELLS,719.0,7
9769,1519500,Camilla,Camilla,MAGNIFICENT_MACARONS,SEASHELLS,717.0,5
9842,1523200,Camilla,Camilla,MAGNIFICENT_MACARONS,SEASHELLS,718.0,3
9899,1526700,Paris,Charlie,MAGNIFICENT_MACARONS,SEASHELLS,737.0,6
9929,1529100,Caesar,Paris,MAGNIFICENT_MACARONS,SEASHELLS,727.0,4
9935,1529300,Caesar,Paris,MAGNIFICENT_MACARONS,SEASHELLS,726.0,5
9936,1529300,Charlie,Paris,MAGNIFICENT_MACARONS,SEASHELLS,726.0,2
9946,1529800,Camilla,Camilla,MAGNIFICENT_MACARONS,SEASHELLS,731.0,2
10054,1535200,Paris,Charlie,MAGNIFICENT_MACARONS,SEASHELLS,719.0,4
10093,1537600,Camilla,Camilla,MAGNIFICENT_MACARONS,SEASHELLS,710.0,4
10122,1538600,Paris,Charlie,MAGNIFICENT_MACARONS,SEASHELLS,717.0,5
10131,1539500,Paris,Charlie,MAGNIFICENT_MACARONS,SEASHELLS,712.0,4
10166,1543100,Paris,Charlie,MAGNIFICENT_MACARONS,SEASHELLS,702.0,4
10206,1545100,Caesar,Paris,MAGNIFICENT_MACARONS,SEASHELLS,688.0,4
10300,1549100,Paris,Charlie,MAGNIFICENT_MACARONS,SEASHELLS,701.0,5
10305,1549400,Caesar,Paris,MAGNIFICENT_MACARONS,SEASHELLS,696.0,4
10342,1551400,Caesar,Paris,MAGNIFICENT_MACARONS,SEASHELLS,679.0,6
10344,1551500,Paris,Charlie,MAGNIFICENT_MACARONS,SEASHELLS,687.0,6
10401,1556600,Camilla,Camilla,MAGNIFICENT_MACARONS,SEASHELLS,694.0,4
10427,1557500,Camilla,Caesar,MAGNIFICENT_MACARONS,SEASHELLS,693.0,5
10437,1558600,Paris,Charlie,MAGNIFICENT_MACARONS,SEASHELLS,689.0,6
10478,1560200,Caesar,Paris,MAGNIFICENT_MACARONS,SEASHELLS,670.0,5
10501,1561500,Caesar,Paris,MAGNIFICENT_MACARONS,SEASHELLS,682.0,7
10621,1567900,Caesar,Paris,MAGNIFICENT_MACARONS,SEASHELLS,692.0,7
10727,1574100,Caesar,Paris,MAGNIFICENT_MACARONS,SEASHELLS,722.0,6
10740,1574800,Paris,Charlie,MAGNIFICENT_MACARONS,SEASHELLS,724.0,4
10824,1579900,Caesar,Paris,MAGNIFICENT_MACARONS,SEASHELLS,716.0,4
11018,1589200,Paris,Charlie,MAGNIFICENT_MACARONS,SEASHELLS,721.0,5
11081,1593100,Caesar,Paris,MAGNIFICENT_MACARONS,SEASHELLS,702.0,5
11082,1593100,Charlie,Paris,MAGNIFICENT_MACARONS,SEASHELLS,702.0,2
11101,1594200,Caesar,Paris,MAGNIFICENT_MACARONS,SEASHELLS,710.0,4
11237,1601900,Paris,Charlie,MAGNIFICENT_MACARONS,SEASHELLS,711.0,5
11306,1605900,Paris,Charlie,MAGNIFICENT_MACARONS,SEASHELLS,696.0,7
11401,1610100,Caesar,Camilla,MAGNIFICENT_MACARONS,SEASHELLS,698.0,2
11403,1610200,Caesar,Paris,MAGNIFICENT_MACARONS,SEASHELLS,693.0,6
11677,1624100,Caesar,Paris,MAGNIFICENT_MACARONS,SEASHELLS,710.0,6
11701,1624900,Caesar,Paris,MAGNIFICENT_MACARONS,SEASHELLS,703.0,6
11802,1629900,Caesar,Paris,MAGNIFICENT_MACARONS,SEASHELLS,699.0,5
11812,1630200,Caesar,Paris,MAGNIFICENT_MACARONS,SEASHELLS,692.0,5
11815,1630400,Paris,Charlie,MAGNIFICENT_MACARONS,SEASHELLS,704.0,6
11895,1636200,Paris,Charlie,MAGNIFICENT_MACARONS,SEASHELLS,695.0,5
11959,1639300,Paris,Charlie,MAGNIFICENT_MACARONS,SEASHELLS,688.0,5
11966,1639900,Paris,Charlie,MAGNIFICENT_MACARONS,SEASHELLS,687.0,5
12071,1646100,Paris,Charlie,MAGNIFICENT_MACARONS,SEASHELLS,662.0,4
12117,1649500,Paris,Charlie,MAGNIFICENT_MACARONS,SEASHELLS,664.0,4
12118,1649700,Caesar,Paris,MAGNIFICENT_MACARONS,SEASHELLS,657.0,7
12205,1653900,Caesar,Paris,MAGNIFICENT_MACARONS,SEASHELLS,678.0,6
12257,1657300,Paris,Charlie,MAGNIFICENT_MACARONS,SEASHELLS,681.0,7
12279,1659100,Caesar,Camilla,MAGNIFICENT_MACARONS,SEASHELLS,677.0,3
12307,1661900,Caesar,Camilla,MAGNIFICENT_MACARONS,SEASHELLS,681.0,5
12472,1670600,Camilla,Caesar,MAGNIFICENT_MACARONS,SEASHELLS,686.0,5
12529,1675600,Camilla,Camilla,MAGNIFICENT_MACARONS,SEASHELLS,690.0,4
12612,1679400,Paris,Charlie,MAGNIFICENT_MACARONS,SEASHELLS,708.0,4
12627,1680300,Paris,Charlie,MAGNIFICENT_MACARONS,SEASHELLS,710.0,7
12691,1683700,Caesar,Paris,MAGNIFICENT_MACARONS,SEASHELLS,701.0,6
12695,1683900,Camilla,Caesar,MAGNIFICENT_MACARONS,SEASHELLS,706.0,3
12732,1685700,Paris,Charlie,MAGNIFICENT_MACARONS,SEASHELLS,703.0,6
12779,1688700,Camilla,Camilla,MAGNIFICENT_MACARONS,SEASHELLS,701.0,3
12785,1689300,Paris,Charlie,MAGNIFICENT_MACARONS,SEASHELLS,703.0,5
12817,1691100,Paris,Charlie,MAGNIFICENT_MACARONS,SEASHELLS,702.0,5
12820,1691800,Camilla,Camilla,MAGNIFICENT_MACARONS,SEASHELLS,696.0,3
12903,1697300,Paris,Charlie,MAGNIFICENT_MACARONS,SEASHELLS,734.0,6
12929,1700100,Paris,Charlie,MAGNIFICENT_MACARONS,SEASHELLS,747.0,6
12960,1702600,Paris,Charlie,MAGNIFICENT_MACARONS,SEASHELLS,761.0,4
12976,1703400,Caesar,Camilla,MAGNIFICENT_MACARONS,SEASHELLS,754.0,4
13043,1706500,Paris,Charlie,MAGNIFICENT_MACARONS,SEASHELLS,792.0,6
13108,1710500,Caesar,Paris,MAGNIFICENT_MACARONS,SEASHELLS,800.0,4
13147,1713300,Camilla,Camilla,MAGNIFICENT_MACARONS,SEASHELLS,786.0,4
13228,1718900,Camilla,Paris,MAGNIFICENT_MACARONS,SEASHELLS,764.0,4
13302,1722300,Camilla,Camilla,MAGNIFICENT_MACARONS,SEASHELLS,766.0,5
13317,1722800,Paris,Charlie,MAGNIFICENT_MACARONS,SEASHELLS,775.0,7
13328,1723600,Camilla,Camilla,MAGNIFICENT_MACARONS,SEASHELLS,763.0,2
13362,1724900,Camilla,Camilla,MAGNIFICENT_MACARONS,SEASHELLS,752.0,5
13387,1726000,Paris,Charlie,MAGNIFICENT_MACARONS,SEASHELLS,763.0,5
13405,1726800,Caesar,Paris,MAGNIFICENT_MACARONS,SEASHELLS,760.0,5
13426,1728500,Paris,Charlie,MAGNIFICENT_MACARONS,SEASHELLS,773.0,5
13438,1730000,Caesar,Paris,MAGNIFICENT_MACARONS,SEASHELLS,761.0,7
13465,1732000,Paris,Charlie,MAGNIFICENT_MACARONS,SEASHELLS,767.0,5
13596,1740300,Camilla,Camilla,MAGNIFICENT_MACARONS,SEASHELLS,761.0,2
13640,1742300,Caesar,Paris,MAGNIFICENT_MACARONS,SEASHELLS,729.0,6
13694,1745500,Caesar,Paris,MAGNIFICENT_MACARONS,SEASHELLS,717.0,4
13793,1750900,Caesar,Paris,MAGNIFICENT_MACARONS,SEASHELLS,726.0,6
13839,1754500,Paris,Charlie,MAGNIFICENT_MACARONS,SEASHELLS,740.0,4
13847,1755200,Paris,Charlie,MAGNIFICENT_MACARONS,SEASHELLS,738.0,4
13876,1757300,Camilla,Camilla,MAGNIFICENT_MACARONS,SEASHELLS,733.0,3
13916,1759800,Caesar,Paris,MAGNIFICENT_MACARONS,SEASHELLS,714.0,5
13917,1759800,Charlie,Paris,MAGNIFICENT_MACARONS,SEASHELLS,714.0,2
13940,1761700,Paris,Charlie,MAGNIFICENT_MACARONS,SEASHELLS,731.0,5
13962,1763600,Paris,Charlie,MAGNIFICENT_MACARONS,SEASHELLS,726.0,6
13991,1765100,Paris,Charlie,MAGNIFICENT_MACARONS,SEASHELLS,721.0,4
14036,1767300,Caesar,Paris,MAGNIFICENT_MACARONS,SEASHELLS,710.0,7
14045,1767500,Camilla,Camilla,MAGNIFICENT_MACARONS,SEASHELLS,718.0,5
14187,1776900,Caesar,Paris,MAGNIFICENT_MACARONS,SEASHELLS,716.0,6
14266,1781600,Caesar,Camilla,MAGNIFICENT_MACARONS,SEASHELLS,731.0,5
14267,1781600,Caesar,Paris,MAGNIFICENT_MACARONS,SEASHELLS,727.0,4
14295,1782700,Paris,Charlie,MAGNIFICENT_MACARONS,SEASHELLS,744.0,5
14310,1783200,Paris,Charlie,MAGNIFICENT_MACARONS,SEASHELLS,742.0,5
14335,1784000,Paris,Charlie,MAGNIFICENT_MACARONS,SEASHELLS,733.0,4
14360,1785900,Camilla,Camilla,MAGNIFICENT_MACARONS,SEASHELLS,733.0,5
14456,1793300,Camilla,Camilla,MAGNIFICENT_MACARONS,SEASHELLS,712.0,3
14457,1793400,Camilla,Camilla,MAGNIFICENT_MACARONS,SEASHELLS,713.0,3
14518,1797200,Camilla,Camilla,MAGNIFICENT_MACARONS,SEASHELLS,724.0,3
14533,1798000,Caesar,Paris,MAGNIFICENT_MACARONS,SEASHELLS,720.0,4
14628,1804500,Paris,Charlie,MAGNIFICENT_MACARONS,SEASHELLS,713.0,6
14660,1806100,Paris,Charlie,MAGNIFICENT_MACARONS,SEASHELLS,714.0,5
14687,1807600,Paris,Charlie,MAGNIFICENT_MACARONS,SEASHELLS,706.0,7
14731,1810500,Caesar,Paris,MAGNIFICENT_MACARONS,SEASHELLS,711.0,5
14736,1810900,Caesar,Paris,MAGNIFICENT_MACARONS,SEASHELLS,703.0,4
14789,1814500,Caesar,Paris,MAGNIFICENT_MACARONS,SEASHELLS,707.0,4
14844,1818200,Paris,Paris,MAGNIFICENT_MACARONS,SEASHELLS,710.0,5
14959,1823100,Caesar,Paris,MAGNIFICENT_MACARONS,SEASHELLS,709.0,4
15025,1827800,Caesar,Paris,MAGNIFICENT_MACARONS,SEASHELLS,722.0,6
15042,1829400,Caesar,Paris,MAGNIFICENT_MACARONS,SEASHELLS,729.0,7
15083,1832000,Paris,Charlie,MAGNIFICENT_MACARONS,SEASHELLS,760.0,4
15155,1835100,Caesar,Paris,MAGNIFICENT_MACARONS,SEASHELLS,765.0,5
15202,1838100,Caesar,Paris,MAGNIFICENT_MACARONS,SEASHELLS,776.0,7
15227,1838500,Paris,Charlie,MAGNIFICENT_MACARONS,SEASHELLS,782.0,5
15273,1840400,Caesar,Paris,MAGNIFICENT_MACARONS,SEASHELLS,780.0,6
15339,1844800,Caesar,Paris,MAGNIFICENT_MACARONS,SEASHELLS,785.0,5
15345,1845100,Caesar,Paris,MAGNIFICENT_MACARONS,SEASHELLS,786.0,4
15350,1845400,Caesar,Paris,MAGNIFICENT_MACARONS,SEASHELLS,784.0,5
15476,1852900,Caesar,Paris,MAGNIFICENT_MACARONS,SEASHELLS,805.0,7
15544,1858400,Caesar,Paris,MAGNIFICENT_MACARONS,SEASHELLS,805.0,6
15558,1859300,Caesar,Paris,MAGNIFICENT_MACARONS,SEASHELLS,808.0,5
15578,1860000,Paris,Charlie,MAGNIFICENT_MACARONS,SEASHELLS,821.0,6
15644,1864800,Camilla,Camilla,MAGNIFICENT_MACARONS,SEASHELLS,811.0,5
15664,1865700,Caesar,Paris,MAGNIFICENT_MACARONS,SEASHELLS,809.0,5
15665,1865700,Charlie,Paris,MAGNIFICENT_MACARONS,SEASHELLS,809.0,2
15691,1868500,Caesar,Paris,MAGNIFICENT_MACARONS,SEASHELLS,812.0,5
15726,1871600,Caesar,Paris,MAGNIFICENT_MACARONS,SEASHELLS,813.0,5
15727,1871600,Charlie,Paris,MAGNIFICENT_MACARONS,SEASHELLS,813.0,2
15753,1872800,Camilla,Camilla,MAGNIFICENT_MACARONS,SEASHELLS,832.0,2
15766,1873500,Camilla,Camilla,MAGNIFICENT_MACARONS,SEASHELLS,837.0,2
15785,1874800,Caesar,Paris,MAGNIFICENT_MACARONS,SEASHELLS,851.0,5
15788,1875000,Caesar,Paris,MAGNIFICENT_MACARONS,SEASHELLS,852.0,5
15796,1875200,Camilla,Camilla,MAGNIFICENT_MACARONS,SEASHELLS,858.0,3
15890,1882300,Caesar,Paris,MAGNIFICENT_MACARONS,SEASHELLS,881.0,6
15917,1883500,Camilla,Caesar,MAGNIFICENT_MACARONS,SEASHELLS,884.0,3
15918,1883500,Caesar,Paris,MAGNIFICENT_MACARONS,SEASHELLS,878.0,6
15982,1887400,Caesar,Paris,MAGNIFICENT_MACARONS,SEASHELLS,871.0,6
16042,1891000,Caesar,Paris,MAGNIFICENT_MACARONS,SEASHELLS,875.0,6
16043,1891000,Charlie,Paris,MAGNIFICENT_MACARONS,SEASHELLS,875.0,1
16117,1894500,Paris,Charlie,MAGNIFICENT_MACARONS,SEASHELLS,886.0,6
16190,1898400,Caesar,Paris,MAGNIFICENT_MACARONS,SEASHELLS,895.0,7
16213,1899900,Paris,Charlie,MAGNIFICENT_MACARONS,SEASHELLS,918.0,5
16302,1905800,Paris,Charlie,MAGNIFICENT_MACARONS,SEASHELLS,936.0,7
16309,1906400,Caesar,Paris,MAGNIFICENT_MACARONS,SEASHELLS,930.0,7
16334,1907700,Caesar,Paris,MAGNIFICENT_MACARONS,SEASHELLS,932.0,4
16371,1910000,Paris,Charlie,MAGNIFICENT_MACARONS,SEASHELLS,934.0,6
16531,1919600,Caesar,Paris,MAGNIFICENT_MACARONS,SEASHELLS,925.0,5
16633,1926500,Paris,Charlie,MAGNIFICENT_MACARONS,SEASHELLS,882.0,5
16666,1928500,Paris,Charlie,MAGNIFICENT_MACARONS,SEASHELLS,870.0,5
16864,1939400,Caesar,Paris,MAGNIFICENT_MACARONS,SEASHELLS,836.0,6
16879,1940500,Camilla,Camilla,MAGNIFICENT_MACARONS,SEASHELLS,842.0,3
16956,1946200,Camilla,Camilla,MAGNIFICENT_MACARONS,SEASHELLS,852.0,3
16961,1947100,Paris,Charlie,MAGNIFICENT_MACARONS,SEASHELLS,850.0,4
17004,1949300,Caesar,Paris,MAGNIFICENT_MACARONS,SEASHELLS,848.0,4
17163,1957700,Camilla,Camilla,MAGNIFICENT_MACARONS,SEASHELLS,840.0,2
17207,1961500,Camilla,Camilla,MAGNIFICENT_MACARONS,SEASHELLS,846.0,2
17226,1963000,Camilla,Caesar,MAGNIFICENT_MACARONS,SEASHELLS,853.0,2
17339,1968600,Camilla,Camilla,MAGNIFICENT_MACARONS,SEASHELLS,859.0,5
17430,1973300,Caesar,Paris,MAGNIFICENT_MACARONS,SEASHELLS,822.0,4
17447,1974000,Caesar,Paris,MAGNIFICENT_MACARONS,SEASHELLS,820.0,6
17499,1977300,Paris,Charlie,MAGNIFICENT_MACARONS,SEASHELLS,852.0,4
17679,1987400,Camilla,Camilla,MAGNIFICENT_MACARONS,SEASHELLS,808.0,5
17754,1991200,Paris,Charlie,MAGNIFICENT_MACARONS,SEASHELLS,807.0,5
17836,1997900,Camilla,Caesar,MAGNIFICENT_MACARONS,SEASHELLS,800.0,4
13,2000100,Paris,Charlie,MAGNIFICENT_MACARONS,SEASHELLS,786.0,7
17,2000400,Paris,Charlie,MAGNIFICENT_MACARONS,SEASHELLS,775.0,5
53,2001500,Paris,Charlie,MAGNIFICENT_MACARONS,SEASHELLS,782.0,4
147,2009200,Paris,Charlie,MAGNIFICENT_MACARONS,SEASHELLS,778.0,6
174,2010400,Paris,Charlie,MAGNIFICENT_MACARONS,SEASHELLS,784.0,5
180,2010900,Camilla,Camilla,MAGNIFICENT_MACARONS,SEASHELLS,776.0,2
202,2013000,Paris,Charlie,MAGNIFICENT_MACARONS,SEASHELLS,762.0,5
221,2014500,Paris,Charlie,MAGNIFICENT_MACARONS,SEASHELLS,752.0,5
239,2015000,Caesar,Paris,MAGNIFICENT_MACARONS,SEASHELLS,755.0,7
271,2016700,Paris,Charlie,MAGNIFICENT_MACARONS,SEASHELLS,773.0,6
293,2017500,Paris,Charlie,MAGNIFICENT_MACARONS,SEASHELLS,775.0,6
476,2026500,Paris,Charlie,MAGNIFICENT_MACARONS,SEASHELLS,757.0,6
496,2027200,Caesar,Paris,MAGNIFICENT_MACARONS,SEASHELLS,754.0,5
514,2028500,Caesar,Paris,MAGNIFICENT_MACARONS,SEASHELLS,747.0,5
515,2028500,Charlie,Paris,MAGNIFICENT_MACARONS,SEASHELLS,747.0,1
631,2034400,Caesar,Paris,MAGNIFICENT_MACARONS,SEASHELLS,754.0,5
632,2034400,Charlie,Paris,MAGNIFICENT_MACARONS,SEASHELLS,754.0,1
768,2043100,Caesar,Paris,MAGNIFICENT_MACARONS,SEASHELLS,714.0,4
827,2047200,Paris,Charlie,MAGNIFICENT_MACARONS,SEASHELLS,720.0,6
865,2049900,Camilla,Camilla,MAGNIFICENT_MACARONS,SEASHELLS,720.0,3
1148,2066700,Caesar,Paris,MAGNIFICENT_MACARONS,SEASHELLS,736.0,5
1186,2069700,Caesar,Paris,MAGNIFICENT_MACARONS,SEASHELLS,741.0,5
1187,2069700,Charlie,Paris,MAGNIFICENT_MACARONS,SEASHELLS,741.0,2
1221,2072500,Camilla,Camilla,MAGNIFICENT_MACARONS,SEASHELLS,737.0,2
1246,2073800,Caesar,Paris,MAGNIFICENT_MACARONS,SEASHELLS,725.0,6
1253,2074400,Paris,Charlie,MAGNIFICENT_MACARONS,SEASHELLS,729.0,5
1272,2075500,Paris,Charlie,MAGNIFICENT_MACARONS,SEASHELLS,705.0,6
1275,2075600,Caesar,Paris,MAGNIFICENT_MACARONS,SEASHELLS,695.0,6
1300,2077100,Caesar,Paris,MAGNIFICENT_MACARONS,SEASHELLS,710.0,5
1305,2077400,Paris,Charlie,MAGNIFICENT_MACARONS,SEASHELLS,718.0,5
1334,2077900,Paris,Charlie,MAGNIFICENT_MACARONS,SEASHELLS,711.0,5
1475,2086400,Caesar,Paris,MAGNIFICENT_MACARONS,SEASHELLS,719.0,4
1483,2087000,Caesar,Paris,MAGNIFICENT_MACARONS,SEASHELLS,716.0,5
1537,2091200,Camilla,Camilla,MAGNIFICENT_MACARONS,SEASHELLS,740.0,5
1583,2092800,Camilla,Camilla,MAGNIFICENT_MACARONS,SEASHELLS,725.0,5
1597,2093700,Caesar,Paris,MAGNIFICENT_MACARONS,SEASHELLS,718.0,6
1641,2096200,Paris,Charlie,MAGNIFICENT_MACARONS,SEASHELLS,713.0,5
1659,2097700,Paris,Charlie,MAGNIFICENT_MACARONS,SEASHELLS,713.0,6
1671,2098700,Camilla,Camilla,MAGNIFICENT_MACARONS,SEASHELLS,718.0,5
1743,2102900,Camilla,Camilla,MAGNIFICENT_MACARONS,SEASHELLS,731.0,3
1758,2103500,Camilla,Paris,MAGNIFICENT_MACARONS,SEASHELLS,739.0,3
1789,2105600,Camilla,Camilla,MAGNIFICENT_MACARONS,SEASHELLS,730.0,3
1938,2113500,Caesar,Paris,MAGNIFICENT_MACARONS,SEASHELLS,703.0,4
2103,2121200,Caesar,Paris,MAGNIFICENT_MACARONS,SEASHELLS,709.0,7
2159,2123600,Caesar,Paris,MAGNIFICENT_MACARONS,SEASHELLS,713.0,4
2173,2124200,Caesar,Paris,MAGNIFICENT_MACARONS,SEASHELLS,705.0,5
2174,2124200,Charlie,Paris,MAGNIFICENT_MACARONS,SEASHELLS,705.0,2
2252,2127900,Caesar,Paris,MAGNIFICENT_MACARONS,SEASHELLS,699.0,7
2341,2132800,Paris,Paris,MAGNIFICENT_MACARONS,SEASHELLS,716.0,7
2377,2134900,Caesar,Paris,MAGNIFICENT_MACARONS,SEASHELLS,696.0,7
2452,2138900,Camilla,Camilla,MAGNIFICENT_MACARONS,SEASHELLS,707.0,4
2457,2139000,Paris,Charlie,MAGNIFICENT_MACARONS,SEASHELLS,714.0,4
2476,2140300,Paris,Charlie,MAGNIFICENT_MACARONS,SEASHELLS,725.0,4
2568,2145700,Camilla,Camilla,MAGNIFICENT_MACARONS,SEASHELLS,720.0,5
2577,2146000,Caesar,Paris,MAGNIFICENT_MACARONS,SEASHELLS,720.0,5
2589,2147000,Camilla,Caesar,MAGNIFICENT_MACARONS,SEASHELLS,721.0,5
2621,2148600,Paris,Charlie,MAGNIFICENT_MACARONS,SEASHELLS,739.0,6
2639,2149200,Caesar,Paris,MAGNIFICENT_MACARONS,SEASHELLS,723.0,4
2698,2152700,Caesar,Paris,MAGNIFICENT_MACARONS,SEASHELLS,721.0,4
2756,2156900,Paris,Charlie,MAGNIFICENT_MACARONS,SEASHELLS,768.0,6
2912,2164200,Camilla,Camilla,MAGNIFICENT_MACARONS,SEASHELLS,741.0,5
2967,2166700,Caesar,Paris,MAGNIFICENT_MACARONS,SEASHELLS,736.0,5
2968,2166700,Charlie,Paris,MAGNIFICENT_MACARONS,SEASHELLS,736.0,1
3080,2172300,Camilla,Camilla,MAGNIFICENT_MACARONS,SEASHELLS,724.0,4
3224,2181800,Camilla,Camilla,MAGNIFICENT_MACARONS,SEASHELLS,734.0,5
3349,2188600,Caesar,Paris,MAGNIFICENT_MACARONS,SEASHELLS,717.0,4
3354,2188700,Paris,Charlie,MAGNIFICENT_MACARONS,SEASHELLS,729.0,4
3369,2190300,Caesar,Paris,MAGNIFICENT_MACARONS,SEASHELLS,721.0,4
3430,2194400,Caesar,Paris,MAGNIFICENT_MACARONS,SEASHELLS,710.0,4
3477,2197300,Camilla,Paris,MAGNIFICENT_MACARONS,SEASHELLS,712.0,4
3497,2198200,Caesar,Paris,MAGNIFICENT_MACARONS,SEASHELLS,705.0,6
3500,2198400,Caesar,Paris,MAGNIFICENT_MACARONS,SEASHELLS,704.0,6
3526,2199500,Camilla,Camilla,MAGNIFICENT_MACARONS,SEASHELLS,707.0,4
3534,2199900,Paris,Charlie,MAGNIFICENT_MACARONS,SEASHELLS,707.0,7
3539,2200500,Paris,Charlie,MAGNIFICENT_MACARONS,SEASHELLS,710.0,4
3705,2210500,Camilla,Camilla,MAGNIFICENT_MACARONS,SEASHELLS,740.0,3
3709,2210600,Camilla,Camilla,MAGNIFICENT_MACARONS,SEASHELLS,736.0,2
3721,2211200,Caesar,Paris,MAGNIFICENT_MACARONS,SEASHELLS,741.0,5
3727,2211400,Paris,Charlie,MAGNIFICENT_MACARONS,SEASHELLS,752.0,6
3781,2214600,Caesar,Paris,MAGNIFICENT_MACARONS,SEASHELLS,753.0,5
3812,2217500,Caesar,Paris,MAGNIFICENT_MACARONS,SEASHELLS,758.0,4
3819,2218100,Caesar,Paris,MAGNIFICENT_MACARONS,SEASHELLS,766.0,4
3866,2220600,Paris,Charlie,MAGNIFICENT_MACARONS,SEASHELLS,790.0,6
3945,2225300,Camilla,Camilla,MAGNIFICENT_MACARONS,SEASHELLS,790.0,4
4031,2231300,Paris,Charlie,MAGNIFICENT_MACARONS,SEASHELLS,773.0,4
4105,2235000,Caesar,Paris,MAGNIFICENT_MACARONS,SEASHELLS,764.0,4
4269,2246500,Caesar,Paris,MAGNIFICENT_MACARONS,SEASHELLS,753.0,5
4297,2248700,Camilla,Camilla,MAGNIFICENT_MACARONS,SEASHELLS,752.0,2
4464,2259000,Caesar,Paris,MAGNIFICENT_MACARONS,SEASHELLS,766.0,4
4484,2260300,Paris,Charlie,MAGNIFICENT_MACARONS,SEASHELLS,782.0,6
4498,2260800,Paris,Charlie,MAGNIFICENT_MACARONS,SEASHELLS,779.0,5
4567,2264600,Paris,Charlie,MAGNIFICENT_MACARONS,SEASHELLS,766.0,6
4663,2271200,Caesar,Paris,MAGNIFICENT_MACARONS,SEASHELLS,742.0,5
4664,2271200,Charlie,Paris,MAGNIFICENT_MACARONS,SEASHELLS,742.0,2
4764,2276200,Paris,Charlie,MAGNIFICENT_MACARONS,SEASHELLS,767.0,4
4809,2279500,Camilla,Caesar,MAGNIFICENT_MACARONS,SEASHELLS,794.0,4
4840,2281500,Paris,Charlie,MAGNIFICENT_MACARONS,SEASHELLS,794.0,7
4856,2282300,Camilla,Camilla,MAGNIFICENT_MACARONS,SEASHELLS,789.0,4
4875,2283500,Camilla,Camilla,MAGNIFICENT_MACARONS,SEASHELLS,788.0,4
4881,2283800,Camilla,Camilla,MAGNIFICENT_MACARONS,SEASHELLS,786.0,2
4983,2289800,Caesar,Paris,MAGNIFICENT_MACARONS,SEASHELLS,773.0,6
5066,2294900,Camilla,Camilla,MAGNIFICENT_MACARONS,SEASHELLS,766.0,3
5361,2311000,Camilla,Camilla,MAGNIFICENT_MACARONS,SEASHELLS,793.0,2
5367,2311800,Paris,Charlie,MAGNIFICENT_MACARONS,SEASHELLS,793.0,4
5386,2312800,Camilla,Camilla,MAGNIFICENT_MACARONS,SEASHELLS,788.0,2
5398,2313700,Paris,Charlie,MAGNIFICENT_MACARONS,SEASHELLS,789.0,4
5473,2319500,Paris,Charlie,MAGNIFICENT_MACARONS,SEASHELLS,784.0,5
5537,2322500,Camilla,Camilla,MAGNIFICENT_MACARONS,SEASHELLS,790.0,4
5545,2323100,Camilla,Camilla,MAGNIFICENT_MACARONS,SEASHELLS,789.0,2
5546,2323100,Paris,Charlie,MAGNIFICENT_MACARONS,SEASHELLS,792.0,7
5553,2323400,Caesar,Paris,MAGNIFICENT_MACARONS,SEASHELLS,788.0,6
5575,2324600,Camilla,Camilla,MAGNIFICENT_MACARONS,SEASHELLS,789.0,3
5602,2325500,Paris,Charlie,MAGNIFICENT_MACARONS,SEASHELLS,793.0,6
5853,2338900,Paris,Charlie,MAGNIFICENT_MACARONS,SEASHELLS,750.0,5
6006,2348500,Camilla,Camilla,MAGNIFICENT_MACARONS,SEASHELLS,731.0,2
6007,2348600,Paris,Charlie,MAGNIFICENT_MACARONS,SEASHELLS,734.0,6
6106,2354100,Paris,Charlie,MAGNIFICENT_MACARONS,SEASHELLS,740.0,5
6132,2354800,Camilla,Camilla,MAGNIFICENT_MACARONS,SEASHELLS,744.0,4
6201,2358800,Caesar,Paris,MAGNIFICENT_MACARONS,SEASHELLS,767.0,6
6264,2362700,Paris,Paris,MAGNIFICENT_MACARONS,SEASHELLS,752.0,4
6339,2367500,Paris,Paris,MAGNIFICENT_MACARONS,SEASHELLS,778.0,5
6362,2369100,Caesar,Paris,MAGNIFICENT_MACARONS,SEASHELLS,786.0,5
6447,2373900,Caesar,Paris,MAGNIFICENT_MACARONS,SEASHELLS,793.0,6
6560,2381300,Caesar,Paris,MAGNIFICENT_MACARONS,SEASHELLS,786.0,4
6595,2383200,Paris,Charlie,MAGNIFICENT_MACARONS,SEASHELLS,785.0,4
6654,2386400,Paris,Charlie,MAGNIFICENT_MACARONS,SEASHELLS,799.0,6
6683,2388100,Paris,Charlie,MAGNIFICENT_MACARONS,SEASHELLS,788.0,4
6759,2391900,Paris,Charlie,MAGNIFICENT_MACARONS,SEASHELLS,779.0,7
6809,2394100,Caesar,Camilla,MAGNIFICENT_MACARONS,SEASHELLS,759.0,4
6825,2394800,Camilla,Camilla,MAGNIFICENT_MACARONS,SEASHELLS,746.0,2
6826,2394900,Caesar,Paris,MAGNIFICENT_MACARONS,SEASHELLS,745.0,5
6987,2402000,Paris,Charlie,MAGNIFICENT_MACARONS,SEASHELLS,769.0,6
7032,2404700,Paris,Charlie,MAGNIFICENT_MACARONS,SEASHELLS,775.0,7
7102,2409800,Caesar,Paris,MAGNIFICENT_MACARONS,SEASHELLS,787.0,6
7154,2413400,Caesar,Paris,MAGNIFICENT_MACARONS,SEASHELLS,813.0,4
7164,2413800,Caesar,Paris,MAGNIFICENT_MACARONS,SEASHELLS,813.0,4
7173,2414400,Caesar,Paris,MAGNIFICENT_MACARONS,SEASHELLS,809.0,4
7206,2416700,Caesar,Paris,MAGNIFICENT_MACARONS,SEASHELLS,802.0,5
7207,2416700,Charlie,Paris,MAGNIFICENT_MACARONS,SEASHELLS,802.0,1
7256,2419600,Caesar,Paris,MAGNIFICENT_MACARONS,SEASHELLS,787.0,4
7261,2419900,Paris,Charlie,MAGNIFICENT_MACARONS,SEASHELLS,799.0,5
7317,2423900,Paris,Charlie,MAGNIFICENT_MACARONS,SEASHELLS,800.0,5
7323,2424300,Caesar,Paris,MAGNIFICENT_MACARONS,SEASHELLS,791.0,4
7331,2424400,Paris,Charlie,MAGNIFICENT_MACARONS,SEASHELLS,799.0,5
7392,2427700,Caesar,Paris,MAGNIFICENT_MACARONS,SEASHELLS,799.0,7
7420,2429300,Caesar,Paris,MAGNIFICENT_MACARONS,SEASHELLS,791.0,7
7455,2431700,Caesar,Paris,MAGNIFICENT_MACARONS,SEASHELLS,784.0,6
7475,2432600,Caesar,Paris,MAGNIFICENT_MACARONS,SEASHELLS,797.0,5
7500,2433900,Caesar,Paris,MAGNIFICENT_MACARONS,SEASHELLS,789.0,7
7508,2434600,Paris,Charlie,MAGNIFICENT_MACARONS,SEASHELLS,798.0,5
7527,2435200,Caesar,Paris,MAGNIFICENT_MACARONS,SEASHELLS,794.0,4
7590,2438900,Paris,Paris,MAGNIFICENT_MACARONS,SEASHELLS,792.0,4
7606,2440000,Paris,Charlie,MAGNIFICENT_MACARONS,SEASHELLS,787.0,7
7706,2444700,Paris,Charlie,MAGNIFICENT_MACARONS,SEASHELLS,789.0,7
7725,2445600,Camilla,Camilla,MAGNIFICENT_MACARONS,SEASHELLS,781.0,4
7739,2446400,Caesar,Paris,MAGNIFICENT_MACARONS,SEASHELLS,784.0,6
7747,2446700,Caesar,Paris,MAGNIFICENT_MACARONS,SEASHELLS,782.0,5
7751,2447000,Caesar,Paris,MAGNIFICENT_MACARONS,SEASHELLS,781.0,5
7765,2447900,Camilla,Camilla,MAGNIFICENT_MACARONS,SEASHELLS,781.0,4
7800,2450700,Caesar,Paris,MAGNIFICENT_MACARONS,SEASHELLS,778.0,4
7851,2453600,Paris,Charlie,MAGNIFICENT_MACARONS,SEASHELLS,767.0,5
7878,2455100,Camilla,Camilla,MAGNIFICENT_MACARONS,SEASHELLS,763.0,4
7911,2456400,Paris,Charlie,MAGNIFICENT_MACARONS,SEASHELLS,768.0,6
7924,2457000,Camilla,Camilla,MAGNIFICENT_MACARONS,SEASHELLS,759.0,3
7940,2457700,Caesar,Paris,MAGNIFICENT_MACARONS,SEASHELLS,765.0,6
8076,2465100,Camilla,Camilla,MAGNIFICENT_MACARONS,SEASHELLS,762.0,3
8120,2467700,Paris,Charlie,MAGNIFICENT_MACARONS,SEASHELLS,758.0,4
8129,2468200,Caesar,Paris,MAGNIFICENT_MACARONS,SEASHELLS,751.0,5
8141,2468900,Caesar,Paris,MAGNIFICENT_MACARONS,SEASHELLS,761.0,4
8170,2470700,Caesar,Paris,MAGNIFICENT_MACARONS,SEASHELLS,762.0,6
8171,2470700,Charlie,Paris,MAGNIFICENT_MACARONS,SEASHELLS,762.0,1
8173,2471200,Paris,Charlie,MAGNIFICENT_MACARONS,SEASHELLS,769.0,4
8218,2473800,Caesar,Paris,MAGNIFICENT_MACARONS,SEASHELLS,778.0,4
8226,2474500,Caesar,Paris,MAGNIFICENT_MACARONS,SEASHELLS,788.0,4
8348,2481200,Caesar,Paris,MAGNIFICENT_MACARONS,SEASHELLS,741.0,5
8390,2483400,Caesar,Paris,MAGNIFICENT_MACARONS,SEASHELLS,749.0,5
8422,2485800,Caesar,Paris,MAGNIFICENT_MACARONS,SEASHELLS,735.0,5
8499,2491200,Camilla,Paris,MAGNIFICENT_MACARONS,SEASHELLS,765.0,2
8530,2492800,Paris,Paris,MAGNIFICENT_MACARONS,SEASHELLS,768.0,7
8535,2493200,Camilla,Camilla,MAGNIFICENT_MACARONS,SEASHELLS,763.0,4
8567,2494900,Camilla,Camilla,MAGNIFICENT_MACARONS,SEASHELLS,764.0,2
8684,2500700,Camilla,Camilla,MAGNIFICENT_MACARONS,SEASHELLS,752.0,3
8736,2503900,Paris,Charlie,MAGNIFICENT_MACARONS,SEASHELLS,748.0,4
8754,2504500,Caesar,Paris,MAGNIFICENT_MACARONS,SEASHELLS,748.0,5
8842,2508600,Camilla,Camilla,MAGNIFICENT_MACARONS,SEASHELLS,732.0,3
8871,2509600,Paris,Charlie,MAGNIFICENT_MACARONS,SEASHELLS,742.0,5
8879,2510300,Caesar,Paris,MAGNIFICENT_MACARONS,SEASHELLS,743.0,4
8894,2511400,Camilla,Camilla,MAGNIFICENT_MACARONS,SEASHELLS,755.0,3
9106,2522200,Paris,Charlie,MAGNIFICENT_MACARONS,SEASHELLS,793.0,7
9139,2524000,Caesar,Paris,MAGNIFICENT_MACARONS,SEASHELLS,787.0,7
9182,2526100,Paris,Camilla,MAGNIFICENT_MACARONS,SEASHELLS,786.0,4
9220,2528600,Caesar,Paris,MAGNIFICENT_MACARONS,SEASHELLS,788.0,4
9252,2530600,Caesar,Paris,MAGNIFICENT_MACARONS,SEASHELLS,792.0,4
9298,2533100,Camilla,Camilla,MAGNIFICENT_MACARONS,SEASHELLS,784.0,5
9310,2533900,Caesar,Paris,MAGNIFICENT_MACARONS,SEASHELLS,778.0,4
9355,2535300,Caesar,Paris,MAGNIFICENT_MACARONS,SEASHELLS,784.0,7
9408,2538500,Paris,Charlie,MAGNIFICENT_MACARONS,SEASHELLS,794.0,6
9424,2539000,Paris,Charlie,MAGNIFICENT_MACARONS,SEASHELLS,795.0,4
9443,2539800,Camilla,Camilla,MAGNIFICENT_MACARONS,SEASHELLS,791.0,3
9450,2540500,Paris,Charlie,MAGNIFICENT_MACARONS,SEASHELLS,798.0,5
9475,2541000,Caesar,Paris,MAGNIFICENT_MACARONS,SEASHELLS,791.0,7
9488,2541500,Caesar,Paris,MAGNIFICENT_MACARONS,SEASHELLS,789.0,6
9518,2543400,Caesar,Paris,MAGNIFICENT_MACARONS,SEASHELLS,797.0,4
9586,2548300,Paris,Charlie,MAGNIFICENT_MACARONS,SEASHELLS,816.0,5
9625,2551700,Caesar,Paris,MAGNIFICENT_MACARONS,SEASHELLS,781.0,4
9679,2555100,Camilla,Camilla,MAGNIFICENT_MACARONS,SEASHELLS,788.0,4
9713,2558300,Camilla,Camilla,MAGNIFICENT_MACARONS,SEASHELLS,802.0,2
9801,2563400,Camilla,Camilla,MAGNIFICENT_MACARONS,SEASHELLS,833.0,2
10086,2579400,Paris,Charlie,MAGNIFICENT_MACARONS,SEASHELLS,897.0,4
10158,2583800,Caesar,Paris,MAGNIFICENT_MACARONS,SEASHELLS,897.0,6
10192,2585500,Caesar,Paris,MAGNIFICENT_MACARONS,SEASHELLS,887.0,6
10310,2592800,Camilla,Caesar,MAGNIFICENT_MACARONS,SEASHELLS,905.0,3
10313,2593300,Paris,Paris,MAGNIFICENT_MACARONS,SEASHELLS,912.0,5
10323,2594000,Caesar,Paris,MAGNIFICENT_MACARONS,SEASHELLS,910.0,4
10374,2597900,Camilla,Camilla,MAGNIFICENT_MACARONS,SEASHELLS,923.0,4
10392,2598900,Caesar,Camilla,MAGNIFICENT_MACARONS,SEASHELLS,916.0,3
10436,2601500,Caesar,Camilla,MAGNIFICENT_MACARONS,SEASHELLS,921.0,3
10487,2603600,Paris,Charlie,MAGNIFICENT_MACARONS,SEASHELLS,921.0,6
10547,2606000,Paris,Charlie,MAGNIFICENT_MACARONS,SEASHELLS,924.0,6
10615,2610700,Caesar,Paris,MAGNIFICENT_MACARONS,SEASHELLS,898.0,4
10620,2611100,Paris,Paris,MAGNIFICENT_MACARONS,SEASHELLS,898.0,4
10644,2612400,Paris,Charlie,MAGNIFICENT_MACARONS,SEASHELLS,897.0,5
10700,2616300,Caesar,Paris,MAGNIFICENT_MACARONS,SEASHELLS,903.0,5
10739,2618600,Paris,Charlie,MAGNIFICENT_MACARONS,SEASHELLS,931.0,4
10854,2627400,Caesar,Paris,MAGNIFICENT_MACARONS,SEASHELLS,938.0,7
10856,2627600,Paris,Charlie,MAGNIFICENT_MACARONS,SEASHELLS,944.0,6
10916,2631300,Caesar,Paris,MAGNIFICENT_MACARONS,SEASHELLS,948.0,6
10971,2633900,Paris,Charlie,MAGNIFICENT_MACARONS,SEASHELLS,948.0,4
10989,2635300,Paris,Charlie,MAGNIFICENT_MACARONS,SEASHELLS,957.0,4
11072,2639500,Paris,Charlie,MAGNIFICENT_MACARONS,SEASHELLS,938.0,4
11109,2641800,Paris,Charlie,MAGNIFICENT_MACARONS,SEASHELLS,943.0,5
11129,2643400,Caesar,Paris,MAGNIFICENT_MACARONS,SEASHELLS,947.0,5
11216,2648300,Paris,Charlie,MAGNIFICENT_MACARONS,SEASHELLS,947.0,6
11224,2649000,Camilla,Camilla,MAGNIFICENT_MACARONS,SEASHELLS,942.0,2
11227,2649200,Caesar,Paris,MAGNIFICENT_MACARONS,SEASHELLS,945.0,5
11235,2649800,Caesar,Paris,MAGNIFICENT_MACARONS,SEASHELLS,945.0,6
11285,2652100,Caesar,Paris,MAGNIFICENT_MACARONS,SEASHELLS,927.0,5
11299,2652800,Camilla,Camilla,MAGNIFICENT_MACARONS,SEASHELLS,937.0,2
11420,2660300,Paris,Charlie,MAGNIFICENT_MACARONS,SEASHELLS,934.0,6
11494,2663700,Caesar,Camilla,MAGNIFICENT_MACARONS,SEASHELLS,963.0,4
11790,2681900,Camilla,Camilla,MAGNIFICENT_MACARONS,SEASHELLS,950.0,4
11890,2686900,Paris,Charlie,MAGNIFICENT_MACARONS,SEASHELLS,946.0,6
11978,2692700,Paris,Charlie,MAGNIFICENT_MACARONS,SEASHELLS,952.0,6
11986,2693300,Caesar,Paris,MAGNIFICENT_MACARONS,SEASHELLS,948.0,5
11987,2693300,Charlie,Paris,MAGNIFICENT_MACARONS,SEASHELLS,948.0,2
12047,2696700,Paris,Charlie,MAGNIFICENT_MACARONS,SEASHELLS,931.0,7
12100,2700900,Caesar,Paris,MAGNIFICENT_MACARONS,SEASHELLS,942.0,7
12196,2705700,Paris,Paris,MAGNIFICENT_MACARONS,SEASHELLS,918.0,7
12209,2706400,Camilla,Camilla,MAGNIFICENT_MACARONS,SEASHELLS,910.0,2
12304,2711500,Paris,Charlie,MAGNIFICENT_MACARONS,SEASHELLS,920.0,6
12320,2712500,Paris,Charlie,MAGNIFICENT_MACARONS,SEASHELLS,925.0,5
12363,2714600,Camilla,Camilla,MAGNIFICENT_MACARONS,SEASHELLS,907.0,5
12547,2724600,Caesar,Paris,MAGNIFICENT_MACARONS,SEASHELLS,906.0,6
12548,2724600,Charlie,Paris,MAGNIFICENT_MACARONS,SEASHELLS,906.0,1
12549,2724800,Caesar,Paris,MAGNIFICENT_MACARONS,SEASHELLS,906.0,7
12564,2725100,Paris,Charlie,MAGNIFICENT_MACARONS,SEASHELLS,906.0,7
12629,2728600,Paris,Charlie,MAGNIFICENT_MACARONS,SEASHELLS,891.0,4
12632,2728900,Paris,Charlie,MAGNIFICENT_MACARONS,SEASHELLS,884.0,7
12638,2729100,Caesar,Paris,MAGNIFICENT_MACARONS,SEASHELLS,875.0,5
12639,2729100,Charlie,Paris,MAGNIFICENT_MACARONS,SEASHELLS,875.0,2
12661,2730200,Paris,Charlie,MAGNIFICENT_MACARONS,SEASHELLS,879.0,6
12662,2730300,Paris,Charlie,MAGNIFICENT_MACARONS,SEASHELLS,875.0,4
12685,2731600,Caesar,Paris,MAGNIFICENT_MACARONS,SEASHELLS,878.0,5
12704,2733000,Caesar,Paris,MAGNIFICENT_MACARONS,SEASHELLS,876.0,4
12723,2733600,Caesar,Paris,MAGNIFICENT_MACARONS,SEASHELLS,876.0,6
12776,2736400,Camilla,Camilla,MAGNIFICENT_MACARONS,SEASHELLS,844.0,2
12805,2737800,Camilla,Camilla,MAGNIFICENT_MACARONS,SEASHELLS,846.0,5
12852,2739900,Camilla,Camilla,MAGNIFICENT_MACARONS,SEASHELLS,853.0,5
12935,2745000,Paris,Charlie,MAGNIFICENT_MACARONS,SEASHELLS,870.0,5
12986,2747900,Caesar,Paris,MAGNIFICENT_MACARONS,SEASHELLS,880.0,5
12999,2748600,Camilla,Camilla,MAGNIFICENT_MACARONS,SEASHELLS,888.0,5
13019,2750000,Caesar,Paris,MAGNIFICENT_MACARONS,SEASHELLS,889.0,7
13060,2753600,Caesar,Paris,MAGNIFICENT_MACARONS,SEASHELLS,881.0,5
13070,2753900,Paris,Charlie,MAGNIFICENT_MACARONS,SEASHELLS,884.0,7
13161,2758300,Caesar,Paris,MAGNIFICENT_MACARONS,SEASHELLS,877.0,4
13171,2758800,Paris,Charlie,MAGNIFICENT_MACARONS,SEASHELLS,886.0,7
13196,2761300,Camilla,Camilla,MAGNIFICENT_MACARONS,SEASHELLS,877.0,3
13211,2761700,Paris,Charlie,MAGNIFICENT_MACARONS,SEASHELLS,876.0,6
13227,2762800,Paris,Charlie,MAGNIFICENT_MACARONS,SEASHELLS,871.0,5
13245,2764000,Paris,Charlie,MAGNIFICENT_MACARONS,SEASHELLS,874.0,5
13254,2764900,Caesar,Paris,MAGNIFICENT_MACARONS,SEASHELLS,871.0,4
13258,2765100,Caesar,Paris,MAGNIFICENT_MACARONS,SEASHELLS,866.0,6
13281,2765700,Paris,Paris,MAGNIFICENT_MACARONS,SEASHELLS,872.0,6
13325,2768500,Paris,Charlie,MAGNIFICENT_MACARONS,SEASHELLS,892.0,4
13334,2769200,Camilla,Camilla,MAGNIFICENT_MACARONS,SEASHELLS,888.0,5
13351,2770100,Caesar,Paris,MAGNIFICENT_MACARONS,SEASHELLS,887.0,6
13371,2771900,Camilla,Camilla,MAGNIFICENT_MACARONS,SEASHELLS,903.0,4
13422,2775400,Caesar,Paris,MAGNIFICENT_MACARONS,SEASHELLS,880.0,5
13423,2775400,Charlie,Paris,MAGNIFICENT_MACARONS,SEASHELLS,880.0,2
13471,2777100,Camilla,Camilla,MAGNIFICENT_MACARONS,SEASHELLS,896.0,5
13501,2778200,Caesar,Paris,MAGNIFICENT_MACARONS,SEASHELLS,893.0,4
13513,2778900,Caesar,Paris,MAGNIFICENT_MACARONS,SEASHELLS,885.0,6
13676,2788800,Camilla,Camilla,MAGNIFICENT_MACARONS,SEASHELLS,893.0,3
13731,2793000,Paris,Charlie,MAGNIFICENT_MACARONS,SEASHELLS,881.0,4
13811,2798700,Caesar,Paris,MAGNIFICENT_MACARONS,SEASHELLS,850.0,5
13818,2799300,Caesar,Paris,MAGNIFICENT_MACARONS,SEASHELLS,847.0,6
13841,2800600,Caesar,Paris,MAGNIFICENT_MACARONS,SEASHELLS,846.0,6
13851,2801100,Paris,Charlie,MAGNIFICENT_MACARONS,SEASHELLS,855.0,4
13879,2802900,Paris,Charlie,MAGNIFICENT_MACARONS,SEASHELLS,848.0,5
13918,2804700,Paris,Charlie,MAGNIFICENT_MACARONS,SEASHELLS,836.0,5
13951,2807100,Camilla,Camilla,MAGNIFICENT_MACARONS,SEASHELLS,846.0,3
14072,2813000,Caesar,Paris,MAGNIFICENT_MACARONS,SEASHELLS,815.0,6
14080,2813200,Caesar,Paris,MAGNIFICENT_MACARONS,SEASHELLS,815.0,4
14135,2816200,Paris,Charlie,MAGNIFICENT_MACARONS,SEASHELLS,843.0,5
14174,2817700,Caesar,Paris,MAGNIFICENT_MACARONS,SEASHELLS,833.0,4
14183,2818500,Caesar,Camilla,MAGNIFICENT_MACARONS,SEASHELLS,828.0,5
14196,2819000,Paris,Charlie,MAGNIFICENT_MACARONS,SEASHELLS,829.0,7
14212,2819900,Paris,Charlie,MAGNIFICENT_MACARONS,SEASHELLS,825.0,5
14341,2827800,Camilla,Caesar,MAGNIFICENT_MACARONS,SEASHELLS,812.0,3
14361,2828400,Paris,Charlie,MAGNIFICENT_MACARONS,SEASHELLS,807.0,6
14423,2831800,Caesar,Paris,MAGNIFICENT_MACARONS,SEASHELLS,801.0,4
14476,2834700,Paris,Charlie,MAGNIFICENT_MACARONS,SEASHELLS,790.0,4
14506,2836000,Camilla,Camilla,MAGNIFICENT_MACARONS,SEASHELLS,778.0,2
14552,2838800,Paris,Charlie,MAGNIFICENT_MACARONS,SEASHELLS,785.0,7
14602,2841900,Camilla,Caesar,MAGNIFICENT_MACARONS,SEASHELLS,770.0,3
14679,2845900,Caesar,Paris,MAGNIFICENT_MACARONS,SEASHELLS,786.0,5
14714,2849000,Caesar,Paris,MAGNIFICENT_MACARONS,SEASHELLS,787.0,6
14843,2856400,Caesar,Paris,MAGNIFICENT_MACARONS,SEASHELLS,779.0,4
14848,2857200,Paris,Charlie,MAGNIFICENT_MACARONS,SEASHELLS,778.0,4
14882,2859000,Caesar,Paris,MAGNIFICENT_MACARONS,SEASHELLS,762.0,5
14883,2859000,Charlie,Paris,MAGNIFICENT_MACARONS,SEASHELLS,762.0,1
15035,2868000,Paris,Charlie,MAGNIFICENT_MACARONS,SEASHELLS,784.0,4
15081,2870300,Paris,Charlie,MAGNIFICENT_MACARONS,SEASHELLS,785.0,5
15192,2876700,Paris,Charlie,MAGNIFICENT_MACARONS,SEASHELLS,793.0,5
15248,2880900,Caesar,Camilla,MAGNIFICENT_MACARONS,SEASHELLS,785.0,2
15282,2882600,Caesar,Paris,MAGNIFICENT_MACARONS,SEASHELLS,777.0,5
15337,2884900,Paris,Charlie,MAGNIFICENT_MACARONS,SEASHELLS,784.0,5
15360,2885500,Camilla,Camilla,MAGNIFICENT_MACARONS,SEASHELLS,779.0,2
15502,2894900,Caesar,Paris,MAGNIFICENT_MACARONS,SEASHELLS,735.0,6
15503,2895200,Camilla,Camilla,MAGNIFICENT_MACARONS,SEASHELLS,737.0,5
15512,2895300,Paris,Charlie,MAGNIFICENT_MACARONS,SEASHELLS,746.0,5
15522,2895400,Camilla,Caesar,MAGNIFICENT_MACARONS,SEASHELLS,744.0,3
15527,2895700,Camilla,Camilla,MAGNIFICENT_MACARONS,SEASHELLS,740.0,2
15579,2899000,Caesar,Paris,MAGNIFICENT_MACARONS,SEASHELLS,741.0,5
15650,2901800,Paris,Paris,MAGNIFICENT_MACARONS,SEASHELLS,740.0,7
15654,2902200,Caesar,Camilla,MAGNIFICENT_MACARONS,SEASHELLS,741.0,4
15672,2902600,Paris,Charlie,MAGNIFICENT_MACARONS,SEASHELLS,742.0,6
15721,2905600,Caesar,Paris,MAGNIFICENT_MACARONS,SEASHELLS,768.0,5
15734,2906100,Camilla,Caesar,MAGNIFICENT_MACARONS,SEASHELLS,765.0,5
15743,2906500,Caesar,Paris,MAGNIFICENT_MACARONS,SEASHELLS,761.0,4
15792,2909400,Caesar,Paris,MAGNIFICENT_MACARONS,SEASHELLS,741.0,6
15845,2912600,Paris,Charlie,MAGNIFICENT_MACARONS,SEASHELLS,761.0,6
15860,2914600,Paris,Charlie,MAGNIFICENT_MACARONS,SEASHELLS,762.0,5
15874,2915500,Camilla,Camilla,MAGNIFICENT_MACARONS,SEASHELLS,751.0,3
15879,2916200,Caesar,Paris,MAGNIFICENT_MACARONS,SEASHELLS,732.0,4
15891,2916900,Paris,Camilla,MAGNIFICENT_MACARONS,SEASHELLS,732.0,5
15969,2920200,Camilla,Camilla,MAGNIFICENT_MACARONS,SEASHELLS,742.0,4
16064,2925000,Caesar,Paris,MAGNIFICENT_MACARONS,SEASHELLS,726.0,6
16110,2928200,Camilla,Camilla,MAGNIFICENT_MACARONS,SEASHELLS,729.0,5
16116,2928400,Paris,Charlie,MAGNIFICENT_MACARONS,SEASHELLS,733.0,6
16123,2928900,Paris,Charlie,MAGNIFICENT_MACARONS,SEASHELLS,732.0,4
16202,2933700,Paris,Charlie,MAGNIFICENT_MACARONS,SEASHELLS,748.0,6
16210,2934300,Caesar,Paris,MAGNIFICENT_MACARONS,SEASHELLS,731.0,6
16398,2944800,Paris,Charlie,MAGNIFICENT_MACARONS,SEASHELLS,753.0,4
16401,2944900,Caesar,Paris,MAGNIFICENT_MACARONS,SEASHELLS,749.0,7
16440,2947300,Caesar,Paris,MAGNIFICENT_MACARONS,SEASHELLS,766.0,4
16444,2947700,Camilla,Camilla,MAGNIFICENT_MACARONS,SEASHELLS,773.0,2
16480,2950800,Paris,Charlie,MAGNIFICENT_MACARONS,SEASHELLS,737.0,5
16530,2953700,Paris,Charlie,MAGNIFICENT_MACARONS,SEASHELLS,737.0,7
16559,2956100,Camilla,Camilla,MAGNIFICENT_MACARONS,SEASHELLS,753.0,4
16814,2971500,Caesar,Paris,MAGNIFICENT_MACARONS,SEASHELLS,762.0,5
16904,2975400,Camilla,Camilla,MAGNIFICENT_MACARONS,SEASHELLS,747.0,3
16952,2977700,Caesar,Paris,MAGNIFICENT_MACARONS,SEASHELLS,761.0,5
17108,2985800,Caesar,Paris,MAGNIFICENT_MACARONS,SEASHELLS,773.0,5
17263,2994000,Paris,Charlie,MAGNIFICENT_MACARONS,SEASHELLS,797.0,7
17266,2994200,Caesar,Paris,MAGNIFICENT_MACARONS,SEASHELLS,787.0,4
17352,2999100,Paris,Charlie,MAGNIFICENT_MACARONS,SEASHELLS,745.0,5
